transect,year,area_low_m2,width_low_m,area_flood_m2,width_flood_m,mean_bed_m,thalweg_m,thalweg_x_m,char_width_m,era
RMG12,2011,2806.1134615384613,810.0,24844.785342827665,6090.0,8.950396495430596,-1.0952307692307692,3810.0,5280.0,Before
RMG12,2012,2745.3666666666663,870.0,25688.25833386958,6060.0,8.791013476259144,-0.3986666666666666,4120.0,5190.0,Before
RMG12,2013,4291.24,730.0,27190.652916666662,5920.0,8.436984304617118,-9.6376,4250.0,5190.0,Before
RMG12,2014,1845.1033333333328,820.0,25144.059901960783,5890.0,8.761059439395453,0.32568,4430.0,5070.0,Before
RMG12,2017,7086.999999999999,1270.0,29246.465928414673,6140.0,8.266731933482951,-7.660800000000001,5700.0,4870.0,During
RMG12,2018,5044.806892230576,1210.0,27072.77288268531,6150.0,8.627923108506453,-5.84,5850.0,4940.0,During
RMG12,2019,2911.6880952380952,850.0,22506.936247921403,6100.0,9.340338320012883,-4.204,5280.0,5250.0,During
RMG12,2020,6119.616666666666,1510.0,29940.839742063486,5960.0,8.006369170794715,-4.751114285714285,5080.0,4450.0,During
RMG12,2021,2803.2999999999997,830.0,23994.413004101156,5970.0,9.010835342696623,-0.2986,5640.0,5140.0,During
RMG12,2022,3463.501569956897,1040.0,27769.435078084214,6050.0,8.440010730895171,-1.6239011243742714,6460.0,5010.0,During
RMG12,2023,1843.2800045781528,1570.0,26090.24097680037,6110.0,8.759911460425469,1.7157,6780.0,4540.0,After
RMG12,2024,3554.850467865468,600.0,23181.660383831855,6180.0,9.278922267988374,-3.860402797202796,6900.0,5580.0,After
RMP2,2011,32737.211052631577,4070.0,57426.69529207636,7850.0,-1.5755025849778779,-13.69,5480.0,3780.0,Before
RMP2,2012,24326.67729729729,3840.0,48446.279540628966,7820.0,-0.45517641184513624,-13.49025,6870.0,3980.0,Before
RMP2,2013,23991.26,3680.0,47957.2655898771,7810.0,-0.400494953889513,-9.823500000000001,5440.0,4130.0,Before
RMP2,2014,24788.70650793651,3460.0,46692.64069192589,7430.0,-0.5443392586710492,-12.885499999999999,6480.0,3970.0,Before
RMP2,2015,15068.720000000001,3560.0,38054.38872010343,7500.0,0.66608150398621,-7.151,6790.0,3940.0,During
RMP2,2016,30002.409999999996,3810.0,54718.778097165996,7690.0,-1.3755758253791923,-11.436273333333332,4500.0,3880.0,During
RMP2,2017,18630.29,3970.0,45004.12105851145,7740.0,-0.07448592487228102,-11.91046,4380.0,3770.0,During
RMP2,2018,25895.280000000002,3790.0,51576.84984789339,7760.0,-0.9065012690584268,-12.9404,4660.0,3970.0,During
RMP2,2019,19657.87050866444,3340.0,43902.587590961804,7930.0,0.20373422560380858,-12.850333333333333,3220.0,4590.0,During
RMP2,2020,19273.79,4170.0,45254.22333333334,7790.0,-0.06927128797603743,-12.1402,2770.0,3620.0,During
RMP2,2021,19118.86,2280.0,42723.600000000006,7780.0,0.2485347043701804,-13.7207,2250.0,5500.0,During
RMP2,2022,19122.02380952381,3240.0,46092.25333668746,7890.0,-0.1018572036359276,-14.713733333333334,690.0,4650.0,During
RMP2,2023,14435.678571428572,3140.0,41022.60523809524,7900.0,0.5472651597347797,-11.09842,320.0,4760.0,After
RMP2,2024,21500.13601478931,3410.0,47799.86601478931,7950.0,-0.27256176286658007,-21.37880263157895,330.0,4540.0,After
RMP3,2011,41532.25523809524,4480.0,68375.39490782948,10140.0,-1.0031355924881136,-24.354285714285716,3270.0,5660.0,Before
RMP3,2012,30085.772855706386,4420.0,57415.87581902448,10120.0,0.06649448428611943,-20.514914285714287,1500.0,5700.0,Before
RMP3,2013,78019.78976716561,4460.0,105455.9710395484,10110.0,-4.690857669589357,-44.49747540983607,2730.0,5650.0,Before
RMP3,2014,38932.70404761905,2930.0,61724.65060684846,10280.0,-0.2643434442459579,-34.14966666666666,1130.0,7350.0,Before
RMP3,2015,30778.189999999995,1970.0,51237.22626651127,10450.0,0.8369161467453338,-36.724,760.0,8480.0,During
RMP3,2016,22250.79666666667,2690.0,43170.67136343533,10380.0,1.5809757838694292,-25.0228,570.0,7690.0,During
RMP3,2017,34744.89142857143,3410.0,58346.45547619047,10360.0,0.1081027532634674,-18.6765,540.0,6950.0,During
RMP3,2018,20342.86393939394,3310.0,44176.115859434685,10420.0,1.5004495336435044,-12.754285714285714,710.0,7110.0,During
RMP3,2019,28891.75664779145,3730.0,54551.71941685287,10330.0,0.4590978299271181,-18.108,790.0,6600.0,During
RMP3,2020,38064.06,5780.0,70379.13311688312,10330.0,-1.0730816182849092,-16.7112,710.0,4550.0,During
RMP3,2021,49451.55999999999,7080.0,86867.93613445378,10140.0,-2.8268576069481046,-12.1112,6110.0,3060.0,During
RMP3,2022,27020.956107183116,7500.0,67736.7733306493,10220.0,-0.8878643180674464,-10.6104,8140.0,2720.0,During
RMP3,2023,18347.10238095238,4610.0,54891.9883436853,10390.0,0.45684424026127995,-9.7556,400.0,5780.0,After
RMP3,2024,26305.78191552021,5280.0,62334.013270831565,10500.0,-0.19657269246014905,-8.734341414141475,10340.0,5220.0,After
RMP4,2011,37392.973563218395,3860.0,62221.07179655593,10850.0,0.9903390049257201,-15.54,3820.0,6990.0,Before
RMP4,2012,38479.18214285714,3770.0,63521.922689075625,10860.0,0.8758358481514155,-20.1665,4780.0,7090.0,Before
RMP4,2013,30392.78787878788,3550.0,55070.18867583397,10980.0,1.709500120597999,-15.378214285714286,4420.0,7430.0,Before
RMP4,2014,15852.656756756758,2280.0,36186.34993231156,10940.0,3.4172897685272794,-15.569333333333333,4370.0,8660.0,Before
RMP4,2015,12559.499999999998,2250.0,36525.62421723438,11170.0,3.4550246895940577,-12.88395,5070.0,8920.0,During
RMP4,2016,54374.91666666667,6410.0,94179.7390909091,11180.0,-1.6989480403317612,-16.014457142857143,7590.0,4770.0,During
RMP4,2017,22604.288888888892,3150.0,49203.91317460316,11070.0,2.280202061914799,-10.739533333333334,630.0,7920.0,During
RMP4,2018,20135.30595269844,3750.0,49934.180725425715,11010.0,2.1896520685353575,-12.74225,9200.0,7260.0,During
RMP4,2019,22102.11515917008,3800.0,50085.84645148508,11050.0,2.1923442125352866,-10.38629411764706,8640.0,7250.0,During
RMP4,2020,7711.4,1680.0,31627.999999999996,11130.0,3.8833108715184186,-8.3022,1990.0,9450.0,During
RMP4,2021,14358.2,4150.0,47912.18790408055,10630.0,2.21773867318151,-10.7875,10000.0,6480.0,During
RMP4,2022,19969.21961038961,3770.0,51795.35176816931,10810.0,1.9335706042396565,-11.801975,10040.0,7040.0,During
RMP4,2023,11166.377619047618,2270.0,48848.35761904761,11220.0,2.3713139376962906,-12.655800000000001,550.0,8950.0,After
RMP4,2024,17830.476032639075,3330.0,55997.61793740097,11220.0,1.7341249610159553,-12.23552352941177,3490.0,7890.0,After
