Station_ID,Id,Stratum,Feature_Set,N_Features,N_Train,N_Classes,N_Test,Accuracy,Macro_F1,Weighted_F1,Cohen_Kappa,Accuracy_Persistence,Kappa_Persistence,Kappa_Skill_Score,Precision_Normal,Recall_Normal,F1_Normal,Support_Normal,Precision_Warning,Recall_Warning,F1_Warning,Support_Warning,Precision_Danger,Recall_Danger,F1_Danger,Support_Danger,Precision_Severe,Recall_Severe,F1_Severe,Support_Severe,OOB_Accuracy,HP_max_features,HP_min_samples_leaf
SW91.9R,10,BEFORE,stage_only,79,850,4,212,0.8773584905660378,0.5427563304275633,0.861368923141991,0.7391263192768234,0.9622641509433962,0.9238026776889208,-2.4236594254342334,0.9210526315789473,1.0,0.958904109589041,140,0.9333333333333333,0.7777777777777778,0.8484848484848485,54,0.26666666666666666,0.5714285714285714,0.36363636363636365,7.0,0.0,0.0,0.0,11.0,0.9847058823529412,0.33,1
SW91.9R,10,BEFORE,hydromet,173,850,4,212,0.9009433962264151,0.5880555555555556,0.8871278825995808,0.794022392893495,0.9622641509433962,0.9238026776889208,-1.7032131951512883,0.9459459459459459,1.0,0.9722222222222222,140,0.9782608695652174,0.8333333333333334,0.9,54,0.3333333333333333,0.8571428571428571,0.48,7.0,0.0,0.0,0.0,11.0,0.9894117647058823,0.33,1
SW91.9R,10,BEFORE,full_multivariate,177,850,4,212,0.9056603773584906,0.5916252113016179,0.8921390786110366,0.8046082949308756,0.9622641509433962,0.9238026776889208,-1.5642857142857116,0.9523809523809523,1.0,0.975609756097561,140,0.9787234042553191,0.8518518518518519,0.9108910891089109,54,0.3333333333333333,0.8571428571428571,0.48,7.0,0.0,0.0,0.0,11.0,0.9894117647058823,0.33,1
SW91.9R,10,BEFORE,forecast_safe,151,850,4,212,0.910377358490566,0.567236211031175,0.8890830731641102,0.8169423741137974,0.9622641509433962,0.9238026776889208,-1.4024154699145595,0.9927536231884058,0.9785714285714285,0.9856115107913669,140,0.803030303030303,0.9814814814814815,0.8833333333333333,54,0.375,0.42857142857142855,0.4,7.0,0.0,0.0,0.0,11.0,0.9776470588235294,0.33,1
SW91.9R,10,DURING,stage_only,79,1978,4,495,0.9858585858585859,0.9333296889773736,0.9852085666603816,0.9609357384441939,0.9838383838383838,0.9554500556874304,0.12313556933483667,0.9974293059125964,1.0,0.9987129987129987,388,0.9285714285714286,0.9848484848484849,0.9558823529411765,66,0.9230769230769231,0.7058823529411765,0.8,17.0,1.0,0.9583333333333334,0.9787234042553191,24.0,0.9752275025278059,0.33,1
SW91.9R,10,DURING,hydromet,173,1978,4,495,0.9838383838383838,0.9310752145790159,0.9831711316646321,0.9551924687139334,0.9838383838383838,0.9554500556874304,-0.0057819819412053474,0.9948717948717949,1.0,0.9974293059125964,388,0.927536231884058,0.9696969696969697,0.9481481481481482,66,0.9230769230769231,0.7058823529411765,0.8,17.0,1.0,0.9583333333333334,0.9787234042553191,24.0,0.9742163801820021,0.33,1
SW91.9R,10,DURING,full_multivariate,177,1978,4,495,0.9878787878787879,0.9447772608376589,0.9874820712615268,0.9665348341953148,0.9838383838383838,0.9554500556874304,0.24881688807761168,0.9974293059125964,1.0,0.9987129987129987,388,0.9420289855072463,0.9848484848484849,0.9629629629629629,66,0.9285714285714286,0.7647058823529411,0.8387096774193549,17.0,1.0,0.9583333333333334,0.9787234042553191,24.0,0.974721941354904,0.33,1
SW91.9R,10,DURING,forecast_safe,151,1978,4,495,0.98989898989899,0.9651435982360528,0.9900191628523743,0.9724727786366518,0.9838383838383838,0.9554500556874304,0.3821042475336732,1.0,0.9948453608247423,0.9974160206718347,388,0.9558823529411765,0.9848484848484849,0.9701492537313433,66,0.8888888888888888,0.9411764705882353,0.9142857142857143,17.0,1.0,0.9583333333333334,0.9787234042553191,24.0,0.9605662285136501,0.33,5
SW91.9R,10,AFTER,stage_only,79,1028,4,257,0.933852140077821,0.6565018930304485,0.9289921052320345,0.8619240250300234,0.953307392996109,0.9038353601496726,-0.4358289615068576,0.9717514124293786,0.9942196531791907,0.9828571428571429,173,0.9259259259259259,0.8333333333333334,0.8771929824561403,60,0.6923076923076923,0.8571428571428571,0.7659574468085106,21.0,0.0,0.0,0.0,3.0,0.9834630350194552,0.33,5
SW91.9R,10,AFTER,hydromet,173,1028,4,257,0.7665369649805448,0.6538038815392505,0.7155853313812146,0.4173436614396373,0.953307392996109,0.9038353601496726,-5.058945777441903,0.7863636363636364,1.0,0.8804071246819338,173,0.5238095238095238,0.18333333333333332,0.2716049382716049,60,0.8333333333333334,0.47619047619047616,0.6060606060606061,21.0,0.75,1.0,0.8571428571428571,3.0,0.9834630350194552,0.33,1
SW91.9R,10,AFTER,full_multivariate,177,1028,4,257,0.933852140077821,0.6565018930304485,0.9289921052320345,0.8619240250300234,0.953307392996109,0.9038353601496726,-0.4358289615068576,0.9717514124293786,0.9942196531791907,0.9828571428571429,173,0.9259259259259259,0.8333333333333334,0.8771929824561403,60,0.6923076923076923,0.8571428571428571,0.7659574468085106,21.0,0.0,0.0,0.0,3.0,0.9815175097276264,0.33,5
SW91.9R,10,AFTER,forecast_safe,151,1028,4,257,0.8715953307392996,0.4339604792936725,0.8337966003816616,0.7182579230615906,0.953307392996109,0.9038353601496726,-1.9297887183575835,0.9505494505494505,1.0,0.9746478873239437,173,0.6891891891891891,0.85,0.7611940298507462,60,0.0,0.0,0.0,21.0,0.0,0.0,0.0,3.0,0.9766536964980544,sqrt,1
SW91.9R,10,ALL,stage_only,79,3856,4,964,0.9730290456431535,0.703516727433311,0.9710316283562583,0.9346346933719307,0.9688796680497925,0.9250011669942895,0.12844901702547482,0.9887482419127989,0.9929378531073446,0.9908386187455955,708,0.9447236180904522,0.9447236180904522,0.9447236180904522,199,0.8703703703703703,0.8867924528301887,0.8785046728971962,53.0,0.0,0.0,0.0,4.0,0.9789937759336099,0.33,1
SW91.9R,10,ALL,hydromet,173,3856,4,964,0.9533195020746889,0.6419959192735164,0.9488361799414615,0.8854520393128178,0.9688796680497925,0.9250011669942895,-0.5273299076328339,0.9845938375350141,0.9929378531073446,0.9887482419127989,708,0.8577981651376146,0.9396984924623115,0.8968824940047961,199,0.90625,0.5471698113207547,0.6823529411764706,53.0,0.0,0.0,0.0,4.0,0.9787344398340249,0.33,1
SW91.9R,10,ALL,full_multivariate,177,3856,4,964,0.9553941908713693,0.6457363449358523,0.9511862018875591,0.8907740832184914,0.9688796680497925,0.9250011669942895,-0.45636821806536615,0.9859747545582047,0.9929378531073446,0.9894440534834623,708,0.8663594470046083,0.9447236180904522,0.9038461538461539,199,0.8823529411764706,0.5660377358490566,0.6896551724137931,53.0,0.0,0.0,0.0,4.0,0.9789937759336099,0.33,1
SW91.9R,10,ALL,forecast_safe,151,3856,4,964,0.9564315352697096,0.6597213420784419,0.9532901930129016,0.8934582390400505,0.9688796680497925,0.9250011669942895,-0.4205789168991101,0.9831932773109243,0.9915254237288136,0.9873417721518988,708,0.8851674641148325,0.9296482412060302,0.9068627450980392,199,0.8536585365853658,0.660377358490566,0.7446808510638298,53.0,0.0,0.0,0.0,4.0,0.9745850622406639,0.33,1
SW91.9L,11,BEFORE,stage_only,87,850,4,212,0.9198113207547169,0.6032456729692549,0.9095966126229234,0.8201686542587695,0.9528301886792453,0.8966962284377741,-0.7408013572177036,0.961038961038961,1.0,0.9801324503311258,148,1.0,0.8367346938775511,0.9111111111111111,49,0.35294117647058826,1.0,0.5217391304347826,6.0,0.0,0.0,0.0,9.0,0.9929411764705882,0.33,1
SW91.9L,11,BEFORE,hydromet,189,850,4,212,0.9245283018867925,0.6070511894576607,0.9146355294933045,0.8315789473684211,0.9528301886792453,0.8966962284377741,-0.630347567030784,0.9673202614379085,1.0,0.9833887043189369,148,1.0,0.8571428571428571,0.9230769230769231,49,0.35294117647058826,1.0,0.5217391304347826,6.0,0.0,0.0,0.0,9.0,0.9929411764705882,0.33,1
SW91.9L,11,BEFORE,full_multivariate,193,850,4,212,0.9245283018867925,0.6070511894576607,0.9146355294933045,0.8315789473684211,0.9528301886792453,0.8966962284377741,-0.630347567030784,0.9673202614379085,1.0,0.9833887043189369,148,1.0,0.8571428571428571,0.9230769230769231,49,0.35294117647058826,1.0,0.5217391304347826,6.0,0.0,0.0,0.0,9.0,0.9929411764705882,0.33,1
SW91.9L,11,BEFORE,forecast_safe,165,850,4,212,0.8962264150943396,0.6173101829367006,0.8827501443272517,0.7828576749383118,0.9528301886792453,0.8966962284377741,-1.101978676847153,1.0,0.918918918918919,0.9577464788732394,148,0.7313432835820896,1.0,0.8448275862068966,49,0.5555555555555556,0.8333333333333334,0.6666666666666666,6.0,0.0,0.0,0.0,9.0,0.98,sqrt,1
SW91.9L,11,DURING,stage_only,87,1978,4,495,0.9858585858585859,0.944501393971775,0.9859179809130598,0.9586431615005431,0.9818181818181818,0.9457316181844759,0.23792018269418258,1.0,0.9899244332493703,0.9949367088607595,397,0.9428571428571428,0.9850746268656716,0.9635036496350365,67,0.9090909090909091,0.8333333333333334,0.8695652173913043,12.0,0.9047619047619048,1.0,0.95,19.0,0.9823053589484327,0.33,5
SW91.9L,11,DURING,hydromet,189,1978,4,495,0.9838383838383838,0.9297534165181225,0.9836510080003842,0.9523282130302885,0.9818181818181818,0.9457316181844759,0.12155503121940359,0.9974683544303797,0.9924433249370277,0.9949494949494949,397,0.9420289855072463,0.9701492537313433,0.9558823529411765,67,0.9,0.75,0.8181818181818182,12.0,0.9047619047619048,1.0,0.95,19.0,0.9833164812942367,0.33,1
SW91.9L,11,DURING,full_multivariate,193,1978,4,495,0.9797979797979798,0.9130014844548014,0.9799229493780137,0.9411841589334727,0.9818181818181818,0.9457316181844759,-0.08379574070333425,1.0,0.9874055415617129,0.9936628643852978,397,0.9285714285714286,0.9701492537313433,0.948905109489051,67,0.8181818181818182,0.75,0.782608695652174,12.0,0.8636363636363636,1.0,0.926829268292683,19.0,0.9833164812942367,0.33,5
SW91.9L,11,DURING,forecast_safe,165,1978,4,495,0.9656565656565657,0.7900914319358294,0.9663637079325571,0.8984554120912273,0.9818181818181818,0.9457316181844759,-0.8711556252765361,0.9974747474747475,0.9949622166246851,0.9962168978562421,397,0.9552238805970149,0.9552238805970149,0.9552238805970149,67,0.45454545454545453,0.8333333333333334,0.5882352941176471,12.0,0.9,0.47368421052631576,0.6206896551724138,19.0,0.9661274014155713,sqrt,1
SW91.9L,11,AFTER,stage_only,87,1028,3,257,0.9494163424124513,0.6312567473169493,0.9364499296882935,0.8808402881803267,0.9688715953307393,0.9289024137215575,-0.6760022112846844,0.9726775956284153,0.994413407821229,0.9834254143646409,179,0.8918918918918919,0.9295774647887324,0.9103448275862069,71,0.0,0.0,0.0,7.0,,,,,0.9854085603112841,0.33,1
SW91.9L,11,AFTER,hydromet,189,1028,3,257,0.914396887159533,0.5985354727701973,0.8993964675532219,0.7894227188081937,0.9688715953307393,0.9289024137215575,-1.9618063314711336,0.9226804123711341,1.0,0.9597855227882037,179,0.8888888888888888,0.7887323943661971,0.835820895522388,71,0.0,0.0,0.0,7.0,,,,,0.9834630350194552,sqrt,1
SW91.9L,11,AFTER,full_multivariate,193,1028,3,257,0.8949416342412452,0.5802338801364301,0.8787748467626294,0.7384076000904772,0.9688715953307393,0.9289024137215575,-2.679342908844151,0.9035532994923858,0.994413407821229,0.9468085106382979,179,0.8666666666666667,0.7323943661971831,0.7938931297709924,71,0.0,0.0,0.0,7.0,,,,,0.9873540856031129,0.33,1
SW91.9L,11,AFTER,forecast_safe,165,1028,3,257,0.9105058365758755,0.5962911816926416,0.896263624242266,0.7824758960771325,0.9688715953307393,0.9289024137215575,-2.059514609553248,0.9267015706806283,0.9888268156424581,0.9567567567567568,179,0.8636363636363636,0.8028169014084507,0.8321167883211679,71,0.0,0.0,0.0,7.0,,,,,0.9766536964980544,0.33,1
SW91.9L,11,ALL,stage_only,87,3856,4,964,0.9740663900414938,0.7034784229906181,0.9742430279319257,0.9296843088055086,0.975103734439834,0.9319621462978538,-0.03347897337145678,0.9891304347826086,0.9837837837837838,0.986449864498645,740,0.9362745098039216,0.9408866995073891,0.9385749385749386,203,0.8333333333333334,0.9523809523809523,0.8888888888888888,21.0,0.0,0.0,0.0,0.0,0.9857365145228216,0.33,1
SW91.9L,11,ALL,hydromet,189,3856,4,964,0.9647302904564315,0.6853095264853525,0.9647361440260247,0.9033102150268009,0.975103734439834,0.9319621462978538,-0.4211175060942452,0.9798115746971736,0.9837837837837838,0.9817936614969656,740,0.9289340101522843,0.9014778325123153,0.915,203,0.7916666666666666,0.9047619047619048,0.8444444444444444,21.0,0.0,0.0,0.0,0.0,0.9844398340248963,0.33,1
SW91.9L,11,ALL,full_multivariate,193,3856,4,964,0.9636929460580913,0.6959921816481281,0.9633768393039699,0.8994594530165144,0.975103734439834,0.9319621462978538,-0.4777148530232677,0.9733333333333334,0.9864864864864865,0.9798657718120806,740,0.9468085106382979,0.8768472906403941,0.9104859335038363,203,0.8076923076923077,1.0,0.8936170212765957,21.0,0.0,0.0,0.0,0.0,0.9862551867219918,0.33,1
SW91.9L,11,ALL,forecast_safe,165,3856,4,964,0.9761410788381742,0.7101211132597599,0.9763772828006115,0.9357785675596608,0.975103734439834,0.9319621462978538,0.05609261689109761,0.9931600547195623,0.981081081081081,0.9870836165873556,740,0.9285714285714286,0.9605911330049262,0.9443099273607748,203,0.8695652173913043,0.9523809523809523,0.9090909090909091,21.0,0.0,0.0,0.0,0.0,0.9745850622406639,0.33,5
SW93.4L,12,BEFORE,stage_only,95,850,3,212,0.9811320754716981,0.6407814407814408,0.9813947059230079,0.9223585423915034,0.9811320754716981,0.9201055210099868,0.028199963376671425,0.994475138121547,0.9836065573770492,0.989010989010989,183,0.9032258064516129,0.9655172413793104,0.9333333333333333,29,0.0,0.0,0.0,0.0,,,,,0.991764705882353,sqrt,1
SW93.4L,12,BEFORE,hydromet,205,850,3,212,0.9716981132075472,0.6288837402720846,0.9724547132821983,0.8867319679430098,0.9811320754716981,0.9201055210099868,-0.4177203918076574,0.994413407821229,0.9726775956284153,0.9834254143646409,183,0.8484848484848485,0.9655172413793104,0.9032258064516129,29,0.0,0.0,0.0,0.0,,,,,0.991764705882353,0.33,1
SW93.4L,12,BEFORE,full_multivariate,209,850,3,212,0.9764150943396226,0.6347528940673501,0.9768975927483365,0.9042975803539184,0.9811320754716981,0.9201055210099868,-0.1978602383531955,0.9944444444444445,0.9781420765027322,0.9862258953168044,183,0.875,0.9655172413793104,0.9180327868852459,29,0.0,0.0,0.0,0.0,,,,,0.991764705882353,sqrt,1
SW93.4L,12,BEFORE,forecast_safe,179,850,3,212,0.9622641509433962,0.6175925925925926,0.9637185534591195,0.8530074536314786,0.9811320754716981,0.9201055210099868,-0.8398335933437332,0.9943502824858758,0.9617486338797814,0.9777777777777777,183,0.8,0.9655172413793104,0.875,29,0.0,0.0,0.0,0.0,,,,,0.9905882352941177,0.33,1
SW93.4L,12,DURING,stage_only,95,1978,4,495,0.9818181818181818,0.4665716322166785,0.9872167145438706,0.8710004343419719,0.9939393939393939,0.9556332347405216,-1.907572028377008,0.9978118161925602,0.9956331877729258,0.9967213114754099,458,0.9375,0.8108108108108109,0.8695652173913043,37,0.0,0.0,0.0,0.0,0.0,0.0,0.0,0.0,0.9848331648129424,sqrt,1
SW93.4L,12,DURING,hydromet,205,1978,4,495,0.9818181818181818,0.4668442583959661,0.9882257067872138,0.8726888234789816,0.9939393939393939,0.9556332347405216,-1.8695167604949543,1.0,0.9956331877729258,0.9978118161925602,458,0.9375,0.8108108108108109,0.8695652173913043,37,0.0,0.0,0.0,0.0,0.0,0.0,0.0,0.0,0.9838220424671386,0.33,5
SW93.4L,12,DURING,full_multivariate,209,1978,4,495,0.9818181818181818,0.4665716322166785,0.9872167145438706,0.8710004343419719,0.9939393939393939,0.9556332347405216,-1.907572028377008,0.9978118161925602,0.9956331877729258,0.9967213114754099,458,0.9375,0.8108108108108109,0.8695652173913043,37,0.0,0.0,0.0,0.0,0.0,0.0,0.0,0.0,0.9838220424671386,sqrt,1
SW93.4L,12,DURING,forecast_safe,179,1978,4,495,0.9878787878787879,0.4782982045277127,0.9925818686474424,0.9139080526407328,0.9939393939393939,0.9556332347405216,-0.9404603165400884,1.0,0.9978165938864629,0.9989071038251366,458,0.9696969696969697,0.8648648648648649,0.9142857142857143,37,0.0,0.0,0.0,0.0,0.0,0.0,0.0,0.0,0.9817997977755308,0.33,1
SW93.4L,12,AFTER,stage_only,95,1028,2,257,0.9066147859922179,0.47551020408163264,0.8622091638211704,0.0,0.9766536964980544,0.8621244635193133,-6.252918287937741,0.9066147859922179,1.0,0.9510204081632653,233,0.0,0.0,0.0,24,,,,,,,,,0.9931906614785992,sqrt,1
SW93.4L,12,AFTER,hydromet,205,1028,2,257,0.9066147859922179,0.47551020408163264,0.8622091638211704,0.0,0.9766536964980544,0.8621244635193133,-6.252918287937741,0.9066147859922179,1.0,0.9510204081632653,233,0.0,0.0,0.0,24,,,,,,,,,0.9912451361867705,sqrt,1
SW93.4L,12,AFTER,full_multivariate,209,1028,2,257,0.9066147859922179,0.47551020408163264,0.8622091638211704,0.0,0.9766536964980544,0.8621244635193133,-6.252918287937741,0.9066147859922179,1.0,0.9510204081632653,233,0.0,0.0,0.0,24,,,,,,,,,0.9912451361867705,0.33,1
SW93.4L,12,AFTER,forecast_safe,179,1028,2,257,0.9066147859922179,0.47551020408163264,0.8622091638211704,0.0,0.9766536964980544,0.8621244635193133,-6.252918287937741,0.9066147859922179,1.0,0.9510204081632653,233,0.0,0.0,0.0,24,,,,,,,,,0.9912451361867705,0.33,1
SW93.4L,12,ALL,stage_only,95,3856,4,964,0.9896265560165975,0.4754782254782255,0.9900783095803843,0.9019627783992678,0.9875518672199171,0.8709936433589829,0.24005898505034085,1.0,0.9890710382513661,0.9945054945054945,915,0.8305084745762712,1.0,0.9074074074074074,49,0.0,0.0,0.0,0.0,0.0,0.0,0.0,0.0,0.9865145228215768,0.33,5
SW93.4L,12,ALL,hydromet,205,3856,4,964,0.9719917012448133,0.4086909848660254,0.9683312679170026,0.6358905489340272,0.9875518672199171,0.8709936433589829,-1.822414806110457,0.9743589743589743,0.9967213114754099,0.9854132901134521,915,0.8928571428571429,0.5102040816326531,0.6493506493506493,49,0.0,0.0,0.0,0.0,0.0,0.0,0.0,0.0,0.987292531120332,0.33,1
SW93.4L,12,ALL,full_multivariate,209,3856,4,964,0.9719917012448133,0.4086909848660254,0.9683312679170026,0.6358905489340272,0.9875518672199171,0.8709936433589829,-1.822414806110457,0.9743589743589743,0.9967213114754099,0.9854132901134521,915,0.8928571428571429,0.5102040816326531,0.6493506493506493,49,0.0,0.0,0.0,0.0,0.0,0.0,0.0,0.0,0.9875518672199171,0.33,1
SW93.4L,12,ALL,forecast_safe,179,3856,4,964,0.9885892116182573,0.4732588225206914,0.9891304832350358,0.8931005282471067,0.9875518672199171,0.8709936433589829,0.1713627565627649,1.0,0.9879781420765027,0.9939527212754261,915,0.8166666666666667,1.0,0.8990825688073395,49,0.0,0.0,0.0,0.0,0.0,0.0,0.0,0.0,0.9852178423236515,0.33,5
SW93.5L,13,BEFORE,stage_only,103,838,2,210,1.0,1.0,1.0,1.0,0.9904761904761905,0.9470899470899471,1.0,1.0,1.0,1.0,189,1.0,1.0,1.0,21,,,,,,,,,0.9809069212410502,0.33,5
SW93.5L,13,BEFORE,hydromet,221,838,2,210,0.9904761904761905,0.9723684210526315,0.9902631578947368,0.9447513812154696,0.9904761904761905,0.9470899470899471,-0.0441988950276238,0.9895287958115183,1.0,0.9947368421052631,189,1.0,0.9047619047619048,0.95,21,,,,,,,,,0.9809069212410502,sqrt,1
SW93.5L,13,BEFORE,full_multivariate,225,838,2,210,0.9904761904761905,0.9723684210526315,0.9902631578947368,0.9447513812154696,0.9904761904761905,0.9470899470899471,-0.0441988950276238,0.9895287958115183,1.0,0.9947368421052631,189,1.0,0.9047619047619048,0.95,21,,,,,,,,,0.9809069212410502,0.33,1
SW93.5L,13,BEFORE,forecast_safe,193,838,2,210,0.9714285714285714,0.9088541666666667,0.9692708333333333,0.8181818181818181,0.9904761904761905,0.9470899470899471,-2.436363636363638,0.9692307692307692,1.0,0.984375,189,1.0,0.7142857142857143,0.8333333333333334,21,,,,,,,,,0.9797136038186157,0.33,1
SW93.5L,13,DURING,stage_only,103,1978,3,495,1.0,0.6666666666666666,1.0,1.0,0.9939393939393939,0.9544827586206897,1.0,1.0,1.0,1.0,459,1.0,1.0,1.0,36,0.0,0.0,0.0,0.0,,,,,0.9898887765419616,0.33,5
SW93.5L,13,DURING,hydromet,221,1978,3,495,0.997979797979798,0.6616091178919729,0.9979666703355955,0.9848275862068966,0.9939393939393939,0.9544827586206897,0.6666666666666675,0.9978260869565218,1.0,0.998911860718172,459,1.0,0.9722222222222222,0.9859154929577465,36,0.0,0.0,0.0,0.0,,,,,0.993933265925177,0.33,1
SW93.5L,13,DURING,full_multivariate,225,1978,3,495,0.997979797979798,0.6616091178919729,0.9979666703355955,0.9848275862068966,0.9939393939393939,0.9544827586206897,0.6666666666666675,0.9978260869565218,1.0,0.998911860718172,459,1.0,0.9722222222222222,0.9859154929577465,36,0.0,0.0,0.0,0.0,,,,,0.993427704752275,0.33,1
SW93.5L,13,DURING,forecast_safe,193,1978,3,495,0.98989898989899,0.6407024500778927,0.9896958538793973,0.9221183800623053,0.9939393939393939,0.9544827586206897,-0.7110355895402626,0.9913419913419913,0.9978213507625272,0.99457111834962,459,0.9696969696969697,0.8888888888888888,0.927536231884058,36,0.0,0.0,0.0,0.0,,,,,0.9848331648129424,sqrt,1
SW93.5L,13,AFTER,stage_only,103,1028,2,257,0.9610894941634242,0.850650860065086,0.9610894941634242,0.7013017201301721,0.9844357976653697,0.8805206880520688,-1.5,0.9790794979079498,0.9790794979079498,0.9790794979079498,239,0.7222222222222222,0.7222222222222222,0.7222222222222222,18,,,,,,,,,0.995136186770428,0.33,1
SW93.5L,13,AFTER,hydromet,221,1028,2,257,0.9688715953307393,0.8962873284907183,0.9708972027774376,0.7929506545820745,0.9844357976653697,0.8805206880520688,-0.7329305135951671,0.9957081545064378,0.9707112970711297,0.9830508474576272,239,0.7083333333333334,0.9444444444444444,0.8095238095238095,18,,,,,,,,,0.9941634241245136,0.33,5
SW93.5L,13,AFTER,full_multivariate,225,1028,2,257,0.9610894941634242,0.8425245098039216,0.960026131074998,0.6851261945601568,0.9844357976653697,0.8805206880520688,-1.6353834844400894,0.975103734439834,0.9832635983263598,0.9791666666666666,239,0.75,0.6666666666666666,0.7058823529411765,18,,,,,,,,,0.9941634241245136,0.33,1
SW93.5L,13,AFTER,forecast_safe,193,1028,2,257,0.953307392996109,0.8000518672199171,0.9505828503156433,0.6005181347150259,0.9844357976653697,0.8805206880520688,-2.343523316062177,0.9670781893004116,0.9832635983263598,0.975103734439834,239,0.7142857142857143,0.5555555555555556,0.625,18,,,,,,,,,0.9912451361867705,0.33,1
SW93.5L,13,ALL,stage_only,103,3845,3,961,0.9937565036420395,0.6385573885573885,0.9935135244708606,0.9156943591543117,0.9875130072840791,0.843485342019544,0.4613562593209929,0.9935275080906149,1.0,0.9967532467532467,921,1.0,0.85,0.918918918918919,40,0.0,0.0,0.0,0.0,,,,,0.9924577373211964,0.33,1
SW93.5L,13,ALL,hydromet,221,3845,3,961,0.9781477627471384,0.5442652183010818,0.974381966027398,0.6342630348502147,0.9875130072840791,0.843485342019544,-1.3367585494481593,0.9777070063694268,1.0,0.9887278582930756,921,1.0,0.475,0.6440677966101694,40,0.0,0.0,0.0,0.0,,,,,0.9924577373211964,0.33,1
SW93.5L,13,ALL,full_multivariate,225,3845,3,961,0.9937565036420395,0.6385573885573885,0.9935135244708606,0.9156943591543117,0.9875130072840791,0.843485342019544,0.4613562593209929,0.9935275080906149,1.0,0.9967532467532467,921,1.0,0.85,0.918918918918919,40,0.0,0.0,0.0,0.0,,,,,0.9908972691807543,0.33,5
SW93.5L,13,ALL,forecast_safe,193,3845,3,961,0.9791883454734651,0.5555555555555555,0.9762680004028063,0.667600567258137,0.9875130072840791,0.843485342019544,-1.1237591228252222,0.979765708200213,0.998914223669924,0.989247311827957,921,0.9545454545454546,0.525,0.6774193548387096,40,0.0,0.0,0.0,0.0,,,,,0.9864759427828349,0.33,1
SW95,15,BEFORE,stage_only,111,838,3,210,0.9238095238095239,0.7474682180564534,0.909320651337458,0.8576452145913656,0.9619047619047619,0.9310288201001724,-1.0639749184425695,0.9818181818181818,0.972972972972973,0.9773755656108597,111,0.8556701030927835,0.9764705882352941,0.9120879120879121,85,1.0,0.21428571428571427,0.35294117647058826,14.0,,,,,0.9725536992840096,0.33,1
SW95,15,BEFORE,hydromet,241,838,3,210,0.9047619047619048,0.6217334636689476,0.8753949634594796,0.820635462931329,0.9619047619047619,0.9310288201001724,-1.6005722582849318,0.981651376146789,0.963963963963964,0.9727272727272728,111,0.8217821782178217,0.9764705882352941,0.8924731182795699,85,0.0,0.0,0.0,14.0,,,,,0.977326968973747,sqrt,1
SW95,15,BEFORE,full_multivariate,245,838,3,210,0.9047619047619048,0.6217334636689476,0.8753949634594796,0.820635462931329,0.9619047619047619,0.9310288201001724,-1.6005722582849318,0.981651376146789,0.963963963963964,0.9727272727272728,111,0.8217821782178217,0.9764705882352941,0.8924731182795699,85,0.0,0.0,0.0,14.0,,,,,0.9749403341288783,sqrt,1
SW95,15,BEFORE,forecast_safe,210,838,3,210,0.9047619047619048,0.6217334636689476,0.8753949634594796,0.820635462931329,0.9619047619047619,0.9310288201001724,-1.6005722582849318,0.981651376146789,0.963963963963964,0.9727272727272728,111,0.8217821782178217,0.9764705882352941,0.8924731182795699,85,0.0,0.0,0.0,14.0,,,,,0.9701670644391408,sqrt,1
SW95,15,DURING,stage_only,111,1978,4,495,0.8686868686868687,0.5359331417758778,0.8532954182656334,0.6595418231839585,0.9636363636363636,0.9166050486236557,-3.0824794690463153,0.8822055137844611,1.0,0.9374167776298269,352,0.8,0.591304347826087,0.68,115,0.9090909090909091,0.37037037037037035,0.5263157894736842,27.0,0.0,0.0,0.0,1.0,0.9752275025278059,0.33,1
SW95,15,DURING,hydromet,241,1978,4,495,0.8707070707070707,0.5462341067898817,0.856150383395129,0.665091497256668,0.9636363636363636,0.9166050486236557,-3.015932586038194,0.8822055137844611,1.0,0.9374167776298269,352,0.8095238095238095,0.591304347826087,0.6834170854271356,115,0.9166666666666666,0.4074074074074074,0.5641025641025641,27.0,0.0,0.0,0.0,1.0,0.9742163801820021,0.33,1
SW95,15,DURING,full_multivariate,245,1978,4,495,0.8666666666666667,0.533963209102624,0.850867933614252,0.6534348877667925,0.9636363636363636,0.9166050486236557,-3.1557085472624133,0.88,1.0,0.9361702127659575,352,0.7976190476190477,0.5826086956521739,0.6733668341708543,115,0.9090909090909091,0.37037037037037035,0.5263157894736842,27.0,0.0,0.0,0.0,1.0,0.9711830131445905,sqrt,1
SW95,15,DURING,forecast_safe,210,1978,4,495,0.8646464646464647,0.531977353742923,0.8484272373557339,0.6472971679552488,0.9636363636363636,0.9166050486236557,-3.2293067652629897,0.8778054862842892,1.0,0.9349269588313412,352,0.7951807228915663,0.5739130434782609,0.6666666666666666,115,0.9090909090909091,0.37037037037037035,0.5263157894736842,27.0,0.0,0.0,0.0,1.0,0.9671385237613751,sqrt,1
SW95,15,AFTER,stage_only,111,1022,3,255,0.9294117647058824,0.6217661691542289,0.9332791922739245,0.8596072673885117,0.9686274509803922,0.936826458565589,-1.2223343732795002,0.9692307692307692,0.9130434782608695,0.9402985074626866,138,0.9024390243902439,0.9487179487179487,0.925,117,0.0,0.0,0.0,0.0,,,,,0.9755381604696673,sqrt,5
SW95,15,AFTER,hydromet,241,1022,3,255,0.9137254901960784,0.6155745489078822,0.92479302832244,0.8306159420289855,0.9686274509803922,0.936826458565589,-1.6812500000000001,0.9621212121212122,0.9202898550724637,0.9407407407407408,138,0.905982905982906,0.905982905982906,0.905982905982906,117,0.0,0.0,0.0,0.0,,,,,0.9765166340508806,0.33,5
SW95,15,AFTER,full_multivariate,245,1022,3,255,0.9529411764705882,0.6351540616246498,0.952990608007909,0.9054855448480356,0.9686274509803922,0.936826458565589,-0.4961082283172722,0.9701492537313433,0.9420289855072463,0.9558823529411765,138,0.9338842975206612,0.9658119658119658,0.9495798319327731,117,0.0,0.0,0.0,0.0,,,,,0.9765166340508806,sqrt,1
SW95,15,AFTER,forecast_safe,210,1022,3,255,0.9372549019607843,0.6313128107479108,0.9483308753523624,0.8764983654195423,0.9686274509803922,0.936826458565589,-0.9549582273883038,0.9705882352941176,0.9565217391304348,0.9635036496350365,138,0.9469026548672567,0.9145299145299145,0.9304347826086956,117,0.0,0.0,0.0,0.0,,,,,0.9726027397260274,0.33,5
SW95,15,ALL,stage_only,111,3838,4,960,0.9645833333333333,0.5622357102127958,0.9621182065140174,0.9249375629544796,0.9770833333333333,0.9519438616929777,-0.5619739681528219,0.9754901960784313,0.9900497512437811,0.9827160493827161,603,0.9532163742690059,0.9476744186046512,0.9504373177842566,344,0.5,0.23076923076923078,0.3157894736842105,13.0,0.0,0.0,0.0,0.0,0.97107868681605,sqrt,1
SW95,15,ALL,hydromet,241,3838,4,960,0.8927083333333333,0.6234178896691359,0.8880022989193396,0.7623014070083584,0.9770833333333333,0.9519438616929777,-3.9462691211896153,0.8647482014388489,0.9966832504145937,0.926040061633282,603,0.9800796812749004,0.7151162790697675,0.826890756302521,344,0.7142857142857143,0.7692307692307693,0.7407407407407407,13.0,0.0,0.0,0.0,0.0,0.9721208963001563,0.33,1
SW95,15,ALL,full_multivariate,245,3838,4,960,0.9010416666666666,0.6287445202925939,0.8971865184199588,0.7818500171027674,0.9770833333333333,0.9519438616929777,-3.5394821677828237,0.8748180494905385,0.9966832504145937,0.931782945736434,603,0.9806949806949807,0.7383720930232558,0.8424543946932007,344,0.7142857142857143,0.7692307692307693,0.7407407407407407,13.0,0.0,0.0,0.0,0.0,0.969254820218864,0.33,1
SW95,15,ALL,forecast_safe,210,3838,4,960,0.9677083333333333,0.6622854206050346,0.9677139144157113,0.9317031750220885,0.9770833333333333,0.9519438616929777,-0.4211883722652656,0.967741935483871,0.9950248756218906,0.9811937857726901,603,0.9815384615384616,0.9273255813953488,0.953662182361734,344,0.6666666666666666,0.7692307692307693,0.7142857142857143,13.0,0.0,0.0,0.0,0.0,0.9697759249609171,0.33,1
