Station_ID,Id,Stratum,Feature_Set,N_Features,N_Train,N_Test,RMSE,MAE,MaxAE,R2,NSE,KGE,PBIAS_pct,Pearson_r,Persistence_Index,RMSE_Persistence,NSE_Persistence,OOB_R2,Train_Start,Train_End,Test_Start,Test_End,HP_max_features,HP_min_samples_leaf
SW91.9R,10,BEFORE,stage_only,79,850,212,0.11879929949843987,0.08518018867924397,0.44899999999998386,0.995817719113169,0.995817719113169,0.9852376148690227,1.1663613699927298,0.9984969703427878,-0.9812038107534389,0.08440133236898797,0.9978890203702765,0.9991807022137618,2011-01-08,2013-12-20,2013-12-21,2014-11-25,0.33,1
SW91.9R,10,BEFORE,hydromet,173,850,212,0.10317936320100876,0.07317405660377332,0.36219999999998365,0.9968452051450036,0.9968452051450036,0.9967864046750257,-0.07593398443436498,0.9984243695601533,-0.4944695868096438,0.08440133236898797,0.9978890203702765,0.9992112369552525,2011-01-08,2013-12-20,2013-12-21,2014-11-25,0.33,1
SW91.9R,10,BEFORE,full_multivariate,177,850,212,0.10821150613017953,0.07749646226415119,0.38664999999997907,0.9965299772584465,0.9965299772584465,0.9960683195925886,-0.12232269709510082,0.9982709254278229,-0.643797359621189,0.08440133236898797,0.9978890203702765,0.999171180702811,2011-01-08,2013-12-20,2013-12-21,2014-11-25,0.33,1
SW91.9R,10,BEFORE,forecast_safe,151,850,212,0.14664655775347324,0.10335707547169766,0.5370999999999846,0.9936272162165591,0.9936272162165591,0.9946145248725139,-0.07985667438100684,0.9968117397038563,-2.018875072837946,0.08440133236898797,0.9978890203702765,0.9986597918853993,2011-01-08,2013-12-20,2013-12-21,2014-11-25,0.33,1
SW91.9R,10,DURING,stage_only,79,1978,495,0.11696013973948026,0.08262656565656575,0.6645499999999913,0.997399354974236,0.997399354974236,0.9857191351060766,0.7283534172751871,0.9988423394921533,-0.00371142720561779,0.11674369751336006,0.997408971388316,0.9993369429037294,2014-11-26,2021-02-07,2021-02-08,2022-06-25,0.33,1
SW91.9R,10,DURING,hydromet,173,1978,495,0.11541043457630244,0.08146272727272759,0.5771499999999943,0.9974678147593675,0.9974678147593675,0.9908199079738037,-0.029332071200331728,0.9987641345502231,0.02271042889540531,0.11674369751336006,0.997408971388316,0.9993341703245806,2014-11-26,2021-02-07,2021-02-08,2022-06-25,0.33,1
SW91.9R,10,DURING,full_multivariate,177,1978,495,0.11564763982010026,0.08135636363636388,0.5884499999999981,0.9974573951663603,0.9974573951663603,0.9905214349519386,-0.07652933457543824,0.9987618691111485,0.01868901710541604,0.11674369751336006,0.997408971388316,0.9993635543382958,2014-11-26,2021-02-07,2021-02-08,2022-06-25,0.33,1
SW91.9R,10,DURING,forecast_safe,151,1978,495,0.13833506271281176,0.09468484848484834,0.7228499999999958,0.9963619399524462,0.9963619399524462,0.9865945434899724,0.1675782071701052,0.998249145002744,-0.40409875489149694,0.11674369751336006,0.997408971388316,0.9988898816407494,2014-11-26,2021-02-07,2021-02-08,2022-06-25,0.33,1
SW91.9R,10,AFTER,stage_only,79,1028,257,0.18970801843045368,0.13115875486381323,0.7736499999999977,0.9883507541514914,0.9883507541514914,0.960016148867477,0.489546475605995,0.9948560860536113,-1.3626860270263377,0.12341918700041885,0.995069490522543,0.9990439446816318,2022-06-26,2025-04-18,2025-04-19,2025-12-31,0.33,1
SW91.9R,10,AFTER,hydromet,173,1028,257,0.6861045360916399,0.552499416342412,1.475349999999998,0.8476273514095016,0.8476273514095016,0.759054416161349,10.005531411959879,0.9914456401391453,-29.90403725764421,0.12341918700041885,0.995069490522543,0.9990726488511809,2022-06-26,2025-04-18,2025-04-19,2025-12-31,0.33,1
SW91.9R,10,AFTER,full_multivariate,177,1028,257,0.7518205119758486,0.6056935797665375,1.6058000000000003,0.8170405793938007,0.8170405793938007,0.7361682280858228,11.09587658381173,0.9909423617372393,-36.107609556926505,0.12341918700041885,0.995069490522543,0.9990696935170201,2022-06-26,2025-04-18,2025-04-19,2025-12-31,0.33,1
SW91.9R,10,AFTER,forecast_safe,151,1028,257,0.5914357274285934,0.4737099221789892,1.3576500000000031,0.8867752039465064,0.8867752039465064,0.7966459809648718,8.218191628371354,0.9893655004312785,-21.96411690742593,0.12341918700041885,0.995069490522543,0.9985360949546778,2022-06-26,2025-04-18,2025-04-19,2025-12-31,0.33,1
SW91.9R,10,ALL,stage_only,79,3856,964,0.11038991681507809,0.08146203319502102,0.6613999999999978,0.9974815577586038,0.9974815577586038,0.9828108310428149,-0.6143025285309373,0.9989266956509226,0.0013907205277272627,0.11046675773424036,0.9974780504315691,0.9993092266493762,2011-01-08,2023-05-12,2023-05-13,2025-12-31,0.33,1
SW91.9R,10,ALL,hydromet,173,3856,964,0.20685539087970592,0.14098563278008316,0.8377000000000008,0.9911568524766118,0.9911568524766118,0.9561686927191135,0.14911748894641125,0.9963776155487444,-2.5064727836291674,0.11046675773424036,0.9974780504315691,0.9993090643157784,2011-01-08,2023-05-12,2023-05-13,2025-12-31,0.33,1
SW91.9R,10,ALL,full_multivariate,177,3856,964,0.20437314827158665,0.1399936721991705,0.8455499999999985,0.991367812738521,0.991367812738521,0.9577946821769727,0.12672257205851137,0.9964200434070352,-2.422823108572214,0.11046675773424036,0.9974780504315691,0.9993065208033546,2011-01-08,2023-05-12,2023-05-13,2025-12-31,0.33,1
SW91.9R,10,ALL,forecast_safe,151,3856,964,0.1901748217613209,0.13142593360995858,0.8412999999999995,0.9925255503843379,0.9925255503843379,0.9592140962963642,0.08056391662976294,0.9969675708398158,-1.963758557754426,0.11046675773424036,0.9974780504315691,0.9989406952548734,2011-01-08,2023-05-12,2023-05-13,2025-12-31,0.33,1
SW91.9L,11,BEFORE,stage_only,87,850,212,0.1036712868037604,0.07770518867924617,0.3469000000000113,0.9968744858425873,0.9968744858425873,0.9893217532115746,1.030404715616054,0.9988735147791615,-0.5770487057032665,0.08255358465640752,0.9980181245220204,0.9994614290868145,2011-01-08,2013-12-20,2013-12-21,2014-11-25,0.33,1
SW91.9L,11,BEFORE,hydromet,189,850,212,0.09372240191268771,0.07311674528301966,0.2960000000000145,0.9974455858436719,0.9974455858436719,0.9895987751024053,-0.5594778378474298,0.9988987098819511,-0.28888731139263135,0.08255358465640752,0.9980181245220204,0.9996350038452413,2011-01-08,2013-12-20,2013-12-21,2014-11-25,0.33,1
SW91.9L,11,BEFORE,full_multivariate,193,850,212,0.09396997155605381,0.07256297169811335,0.30220000000001157,0.9974320729453366,0.9974320729453366,0.9894165288822634,-0.5827363356325413,0.9989034811704853,-0.2957055492110041,0.08255358465640752,0.9980181245220204,0.9996079536227876,2011-01-08,2013-12-20,2013-12-21,2014-11-25,0.33,1
SW91.9L,11,BEFORE,forecast_safe,165,850,212,0.13786577874191008,0.09668867924528264,0.46365000000000745,0.9944726438521213,0.9944726438521213,0.992219635034669,-0.3317442985609625,0.9973201148553908,-1.7889522875138568,0.08255358465640752,0.9980181245220204,0.9987625101564338,2011-01-08,2013-12-20,2013-12-21,2014-11-25,0.33,1
SW91.9L,11,DURING,stage_only,87,1978,495,0.09270209838754755,0.06441606060606071,0.5159499999999992,0.99824434903196,0.99824434903196,0.9955238757641771,0.31478955142581855,0.9991466442238183,0.2748630094778649,0.10886280866811728,0.9975788699363195,0.9994943622165275,2014-11-26,2021-02-07,2021-02-08,2022-06-25,0.33,1
SW91.9L,11,DURING,hydromet,189,1978,495,0.09971990374052829,0.07094787878787882,0.4679499999999983,0.9979684722838809,0.9979684722838809,0.993388063075189,-0.45033590311071753,0.9990351750369045,0.16091756217717912,0.10886280866811728,0.9975788699363195,0.9995426937529299,2014-11-26,2021-02-07,2021-02-08,2022-06-25,0.33,1
SW91.9L,11,DURING,full_multivariate,193,1978,495,0.09920928893052841,0.07082767676767675,0.4317999999999995,0.9979892238547423,0.9979892238547423,0.9941110102956622,-0.42312505213981455,0.999037363224732,0.16948858905953856,0.10886280866811728,0.9975788699363195,0.9995434853559331,2014-11-26,2021-02-07,2021-02-08,2022-06-25,0.33,1
SW91.9L,11,DURING,forecast_safe,165,1978,495,0.12505425109596144,0.08612161616161654,0.6797499999999981,0.9968051095584457,0.9968051095584457,0.9965253918105851,-0.10961875364977282,0.9984041930228376,-0.31958645653990203,0.10886280866811728,0.9975788699363195,0.998948492345049,2014-11-26,2021-02-07,2021-02-08,2022-06-25,0.33,1
SW91.9L,11,AFTER,stage_only,87,1028,257,0.1302336558525922,0.09283229571984372,0.4790500000000004,0.9938606775881954,0.9938606775881954,0.9742122318401244,0.07355873588168046,0.9971893422446244,-0.22424572812806498,0.11770337974379852,0.9949852204743308,0.9994348337104644,2022-06-26,2025-04-18,2025-04-19,2025-12-31,0.33,1
SW91.9L,11,AFTER,hydromet,189,1028,257,0.5039104836333178,0.3957589494163425,1.174450000000002,0.9080861908483507,0.9080861908483507,0.8087315685114671,7.246153563150731,0.9954725885221225,-17.328584273978382,0.11770337974379852,0.9949852204743308,0.9994844513641458,2022-06-26,2025-04-18,2025-04-19,2025-12-31,0.33,1
SW91.9L,11,AFTER,full_multivariate,193,1028,257,0.44201934240078183,0.34900603112840406,1.0310999999999995,0.929277675674912,0.929277675674912,0.8361066515233344,6.355818402560597,0.9958611674796187,-13.102778389973272,0.11770337974379852,0.9949852204743308,0.9994664649990173,2022-06-26,2025-04-18,2025-04-19,2025-12-31,0.33,1
SW91.9L,11,AFTER,forecast_safe,165,1028,257,0.4250094995619504,0.3365978599221798,1.0462500000000041,0.9346160352473593,0.9346160352473593,0.8506626708796634,5.461362716603524,0.990735349227038,-12.038253111220383,0.11770337974379852,0.9949852204743308,0.9986156338288427,2022-06-26,2025-04-18,2025-04-19,2025-12-31,0.33,1
SW91.9L,11,ALL,stage_only,87,3856,964,0.08931609224269886,0.06957702282157713,0.4159499999999996,0.9981775959429187,0.9981775959429187,0.9888719017387819,-1.090898741100508,0.99935781829614,0.24833060782147376,0.10301875106280127,0.997575524457901,0.9994961240427273,2011-01-08,2023-05-12,2023-05-13,2025-12-31,0.33,1
SW91.9L,11,ALL,hydromet,189,3856,964,0.11244473309372353,0.0895523340248966,0.5035999999999987,0.9971115591243135,0.9971115591243135,0.9862914539422282,-0.9116998077496454,0.9987804543526034,-0.19136729801189079,0.10301875106280127,0.997575524457901,0.9995076405392979,2011-01-08,2023-05-12,2023-05-13,2025-12-31,0.33,1
SW91.9L,11,ALL,full_multivariate,193,3856,964,0.10687895592154567,0.0852970954356849,0.5295500000000004,0.9973904257898388,0.9973904257898388,0.9868756534857916,-0.9508153621888906,0.9989275895708833,-0.0763458590726076,0.10301875106280127,0.997575524457901,0.9995169527421719,2011-01-08,2023-05-12,2023-05-13,2025-12-31,0.33,1
SW91.9L,11,ALL,forecast_safe,165,3856,964,0.12282798993517138,0.09387256224066401,0.6392000000000007,0.9965534868814034,0.9965534868814034,0.9812658148160778,-0.7061609316278883,0.9985116923016029,-0.4215499635903388,0.10301875106280127,0.997575524457901,0.9990101384061942,2011-01-08,2023-05-12,2023-05-13,2025-12-31,0.33,1
SW93.4L,12,BEFORE,stage_only,95,850,212,0.1077015715491231,0.08802358490566031,0.2724500000000001,0.9947097247256231,0.9947097247256231,0.9918579689444939,0.39877600314822126,0.9974375549243442,-0.8743302172256002,0.07866815903072231,0.997177511611477,0.9989740616383851,2011-01-08,2013-12-20,2013-12-21,2014-11-25,0.33,1
SW93.4L,12,BEFORE,hydromet,205,850,212,0.11541150687782907,0.09019386792452794,0.2970999999999977,0.9939251940065266,0.9939251940065266,0.9860597032497579,-0.7252791988384063,0.9972068274282231,-1.1522873285060764,0.07866815903072231,0.997177511611477,0.9988803601793581,2011-01-08,2013-12-20,2013-12-21,2014-11-25,0.33,1
SW93.4L,12,BEFORE,full_multivariate,209,850,212,0.11791399663065823,0.0925870283018863,0.3128999999999964,0.9936588955131602,0.9936588955131602,0.9832589999184738,-0.9074878210955987,0.9971901035709559,-1.2466361642530148,0.07866815903072231,0.997177511611477,0.9988769378915034,2011-01-08,2013-12-20,2013-12-21,2014-11-25,0.33,1
SW93.4L,12,BEFORE,forecast_safe,179,850,212,0.1309969434685906,0.1037127358490563,0.36459999999999804,0.9921736995792226,0.9921736995792226,0.9900452364813173,-0.5634592159363792,0.9962283816015415,-1.772837065548766,0.07866815903072231,0.997177511611477,0.9981589449006445,2011-01-08,2013-12-20,2013-12-21,2014-11-25,0.33,1
SW93.4L,12,DURING,stage_only,95,1978,495,0.11525814912358232,0.08761959595959594,0.675199999999998,0.9940876561480492,0.9940876561480492,0.9630045428731939,1.4646367018079431,0.9979826120320426,-0.502181214163335,0.09403953606560564,0.9960641607043104,0.998388232936841,2014-11-26,2021-02-07,2021-02-08,2022-06-25,0.33,1
SW93.4L,12,DURING,hydromet,205,1978,495,0.11484594879465898,0.08656171717171719,0.6790499999999984,0.9941298694271018,0.9941298694271018,0.9627172053387867,1.3164625330972213,0.9979801769012085,-0.49145585779554257,0.09403953606560564,0.9960641607043104,0.9983877361384879,2014-11-26,2021-02-07,2021-02-08,2022-06-25,0.33,1
SW93.4L,12,DURING,full_multivariate,209,1978,495,0.11506066853814309,0.08537696969696969,0.6616499999999981,0.9941078989315397,0.9941078989315397,0.9637526803353613,1.351829892301922,0.9979381875157476,-0.4970380205596783,0.09403953606560564,0.9960641607043104,0.9984167344145937,2014-11-26,2021-02-07,2021-02-08,2022-06-25,0.33,1
SW93.4L,12,DURING,forecast_safe,179,1978,495,0.11571372682511598,0.08527959595959596,0.6831499999999973,0.9940408246594633,0.9940408246594633,0.9747333290364508,1.3752456912655477,0.9975539387555907,-0.5140799440319805,0.09403953606560564,0.9960641607043104,0.9980094672740822,2014-11-26,2021-02-07,2021-02-08,2022-06-25,0.33,1
SW93.4L,12,AFTER,stage_only,95,1028,257,0.14732090630931347,0.10732996108949368,0.6714999999999991,0.9865873009622682,0.9865873009622682,0.962048409519536,0.8552070719302449,0.9939725273308524,-1.279252412961736,0.09758165292885158,0.9941153077379864,0.9977806202448243,2022-06-26,2025-04-18,2025-04-19,2025-12-31,0.33,1
SW93.4L,12,AFTER,hydromet,205,1028,257,0.3664875812468559,0.2996367704280152,0.8538499999999987,0.9169946774754439,0.9169946774754439,0.8142959864970523,8.42933519011867,0.9938144514630006,-13.105295371240553,0.09758165292885158,0.9941153077379864,0.9976164236559023,2022-06-26,2025-04-18,2025-04-19,2025-12-31,0.33,1
SW93.4L,12,AFTER,full_multivariate,209,1028,257,0.29431583800400485,0.24256361867704235,0.722500000000001,0.9464678504399852,0.9464678504399852,0.8568733654854683,6.4705194962460535,0.9939507709980455,-8.096847749468738,0.09758165292885158,0.9941153077379864,0.9977151368825546,2022-06-26,2025-04-18,2025-04-19,2025-12-31,0.33,1
SW93.4L,12,AFTER,forecast_safe,179,1028,257,0.41393099204703465,0.3285192607003888,0.9821999999999989,0.8941128389615163,0.8941128389615163,0.7829287294901183,9.068218697021063,0.990907267083586,-16.993661575473954,0.09758165292885158,0.9941153077379864,0.9970107082361194,2022-06-26,2025-04-18,2025-04-19,2025-12-31,0.33,1
SW93.4L,12,ALL,stage_only,95,3856,964,0.09210038125988293,0.06932468879668062,0.7741499999999997,0.9961940699428918,0.9961940699428918,0.985967065945224,-1.2703488372093137,0.9983517041074329,0.12873206610337162,0.09867009872166307,0.9956317340406565,0.9985788206740077,2011-01-08,2023-05-12,2023-05-13,2025-12-31,0.33,1
SW93.4L,12,ALL,hydromet,205,3856,964,0.09774932825750034,0.07422453319502098,0.7710500000000002,0.9957128812831442,0.9957128812831442,0.9823967964939184,-1.1719895142612504,0.9981274285962389,0.018576534314297732,0.09867009872166307,0.9956317340406565,0.9984833710539561,2011-01-08,2023-05-12,2023-05-13,2025-12-31,0.33,1
SW93.4L,12,ALL,full_multivariate,209,3856,964,0.0993750961793945,0.07584678423236521,0.7813999999999997,0.995569088551102,0.995569088551102,0.9805148541633867,-1.2039166851740317,0.9980935807930239,-0.014341042907526358,0.09867009872166307,0.9956317340406565,0.9984893011364424,2011-01-08,2023-05-12,2023-05-13,2025-12-31,0.33,1
SW93.4L,12,ALL,forecast_safe,179,3856,964,0.1070934090523229,0.08040290456431545,0.8125499999999999,0.994854075218852,0.994854075218852,0.980565249164028,-1.3617381579364978,0.9977748658662696,-0.17802460496734485,0.09867009872166307,0.9956317340406565,0.9981817174839058,2011-01-08,2023-05-12,2023-05-13,2025-12-31,0.33,1
SW93.5L,13,BEFORE,stage_only,103,838,210,0.06171844865809429,0.04883238095238056,0.19049999999999212,0.9979814174311872,0.9979814174311872,0.9971410266912224,-0.23958984801104818,0.9990065410904571,0.3222697195628377,0.0749698352037417,0.9970215546994436,0.9993426750051483,2011-01-08,2013-12-22,2013-12-23,2014-11-25,0.33,1
SW93.5L,13,BEFORE,hydromet,221,838,210,0.07492216882173339,0.05844666666666623,0.22100000000000142,0.9970253409310063,0.9970253409310063,0.9898693289169886,-0.9762344556759552,0.9987892176678226,0.0012712107091524816,0.0749698352037417,0.9970215546994436,0.9992807847129394,2011-01-08,2013-12-22,2013-12-23,2014-11-25,0.33,1
SW93.5L,13,BEFORE,full_multivariate,225,838,210,0.08232729303561101,0.063693095238095,0.2260500000000012,0.9964082658172962,0.9964082658172962,0.9870769837951742,-1.1857101301723583,0.9986225244336142,-0.20590906337370796,0.0749698352037417,0.9970215546994436,0.9992951174471612,2011-01-08,2013-12-22,2013-12-23,2014-11-25,0.33,1
SW93.5L,13,BEFORE,forecast_safe,193,838,210,0.10989156191879476,0.08490714285714263,0.3308000000000013,0.9936005123010514,0.9936005123010514,0.9824145030091993,-1.1773107410370252,0.9973100220402318,-1.1486000423620988,0.0749698352037417,0.9970215546994436,0.9980393914919077,2011-01-08,2013-12-22,2013-12-23,2014-11-25,0.33,1
SW93.5L,13,DURING,stage_only,103,1978,495,0.04639049237535942,0.032691818181818114,0.32955000000000023,0.9989850560815189,0.9989850560815189,0.9950213977751148,0.13118610370438927,0.9995085860029708,0.7494623073451385,0.0926813701001251,0.9959489372328526,0.9995033918114636,2014-11-26,2021-02-07,2021-02-08,2022-06-25,0.33,1
SW93.5L,13,DURING,hydromet,221,1978,495,0.048066368206108843,0.03376656565656551,0.3413499999999998,0.9989104009910135,0.9989104009910135,0.9935351585459843,0.05048035497966764,0.9994795186224422,0.7310337875229125,0.0926813701001251,0.9959489372328526,0.999489482362154,2014-11-26,2021-02-07,2021-02-08,2022-06-25,0.33,1
SW93.5L,13,DURING,full_multivariate,225,1978,495,0.04737521237392754,0.03291414141414134,0.3594000000000013,0.9989415108241444,0.9989415108241444,0.9929363991818067,0.03559474118048549,0.9994992070857486,0.7387132126316078,0.0926813701001251,0.9959489372328526,0.9995019518256819,2014-11-26,2021-02-07,2021-02-08,2022-06-25,0.33,1
SW93.5L,13,DURING,forecast_safe,193,1978,495,0.0929237951607159,0.06798787878787864,0.5562000000000005,0.9959277169263456,0.9959277169263456,0.9887998129029901,0.7635509171185081,0.998088689964505,-0.005238207287021623,0.0926813701001251,0.9959489372328526,0.9981764857265236,2014-11-26,2021-02-07,2021-02-08,2022-06-25,0.33,1
SW93.5L,13,AFTER,stage_only,103,1028,257,0.07027022259022181,0.047928793774318995,0.32314999999999894,0.9967436927214328,0.9967436927214328,0.9933892646808936,-0.01975868592834292,0.9983821279939692,0.4375813796312774,0.09370040841407777,0.9942101716397079,0.9993128016365302,2022-06-26,2025-04-18,2025-04-19,2025-12-31,0.33,1
SW93.5L,13,AFTER,hydromet,221,1028,257,0.15759626728775977,0.12716342412451387,0.4187999999999983,0.9836214830198946,0.9836214830198946,0.9177318916521985,3.521193289313787,0.9983972800393408,-1.8288432680375828,0.09370040841407777,0.9942101716397079,0.999287354654998,2022-06-26,2025-04-18,2025-04-19,2025-12-31,0.33,1
SW93.5L,13,AFTER,full_multivariate,225,1028,257,0.16801773079030174,0.13613618677042857,0.42614999999999714,0.981383717899664,0.981383717899664,0.912084330156723,3.7623820680841744,0.9982060742690512,-2.2153426564439087,0.09370040841407777,0.9942101716397079,0.9993086952866495,2022-06-26,2025-04-18,2025-04-19,2025-12-31,0.33,1
SW93.5L,13,AFTER,forecast_safe,193,1028,257,0.27536007390607015,0.2169021400778211,0.6510999999999987,0.9499983126053639,0.9499983126053639,0.8571340063281987,5.824721536591802,0.9934179960388235,-7.636126027078534,0.09370040841407777,0.9942101716397079,0.9971616377514569,2022-06-26,2025-04-18,2025-04-19,2025-12-31,0.33,1
SW93.5L,13,ALL,stage_only,103,3845,961,0.04382498652911144,0.03072392299687829,0.3213450000000031,0.9991086585463325,0.9991086585463325,0.9903597325483723,0.1025994965532057,0.9995979019522933,0.7901607685455719,0.0956705890151064,0.9957522649721429,0.9995251624183207,2011-01-08,2023-05-15,2023-05-16,2025-12-31,0.33,1
SW93.5L,13,ALL,hydromet,221,3845,961,0.04609241466439113,0.03249258064516134,0.36949000000000165,0.9990140396670278,0.9990140396670278,0.9879044741000862,0.18359602507363426,0.999578364948692,0.767885631635193,0.0956705890151064,0.9957522649721429,0.9994907186275631,2011-01-08,2023-05-15,2023-05-16,2025-12-31,0.33,1
SW93.5L,13,ALL,full_multivariate,225,3845,961,0.04570751591857106,0.032379521331946076,0.37759000000000187,0.9990304376099718,0.9990304376099718,0.9874920254939785,0.15915582172061474,0.9995907811781638,0.771746028490545,0.0956705890151064,0.9957522649721429,0.9995068910824448,2011-01-08,2023-05-15,2023-05-16,2025-12-31,0.33,1
SW93.5L,13,ALL,forecast_safe,193,3845,961,0.08782789574514342,0.06388840790842876,0.7743949999999997,0.9964201446585483,0.9964201446585483,0.9860172944253726,-0.41752685872228634,0.9983010744055035,0.1572319558601154,0.0956705890151064,0.9957522649721429,0.9982222958027068,2011-01-08,2023-05-15,2023-05-16,2025-12-31,0.33,1
SW95,15,BEFORE,stage_only,111,838,210,0.11983848718965341,0.08998642857142841,0.4378499999999983,0.9879163012683477,0.9879163012683477,0.9720504727105167,2.591044096864599,0.9950716371548459,-0.8762381687818792,0.08748877479017358,0.9935596136286379,0.9972097861551493,2011-01-08,2013-12-22,2013-12-23,2014-11-25,0.33,1
SW95,15,BEFORE,hydromet,241,838,210,0.11292403109001643,0.08442261904761897,0.35904999999999854,0.9892704872816622,0.9892704872816622,0.9853859223918126,1.3196124458070957,0.9949506129986075,-0.6659734524698206,0.08748877479017358,0.9935596136286379,0.9970092926313603,2011-01-08,2013-12-22,2013-12-23,2014-11-25,0.33,1
SW95,15,BEFORE,full_multivariate,245,838,210,0.11275609929654087,0.08452476190476176,0.35234999999999816,0.9893023757385104,0.9893023757385104,0.9849333666473236,1.4013748832307489,0.9949922886858511,-0.661022125793201,0.08748877479017358,0.9935596136286379,0.9970371529893446,2011-01-08,2013-12-22,2013-12-23,2014-11-25,0.33,1
SW95,15,BEFORE,forecast_safe,210,838,210,0.11965171093039759,0.09067857142857141,0.3305499999999988,0.9879539384131094,0.9879539384131094,0.9849261683611377,1.395434621188545,0.9943016758496126,-0.8703942422545721,0.08748877479017358,0.9935596136286379,0.9963153269422673,2011-01-08,2013-12-22,2013-12-23,2014-11-25,0.33,1
SW95,15,DURING,stage_only,111,1978,495,0.2698503546019312,0.23776545454545478,0.6608000000000005,0.9382114561610527,0.9382114561610527,0.8571095255476003,14.265026064670257,0.9918834962626515,-6.561942406696469,0.09813101940618456,0.9918290115798515,0.9967408233249666,2014-11-26,2021-02-07,2021-02-08,2022-06-25,0.33,1
SW95,15,DURING,hydromet,241,1978,495,0.2538497202971663,0.22265818181818198,0.6710999999999998,0.9453216560418022,0.9453216560418022,0.8664878409135666,13.322965524963617,0.9924933861515554,-5.691766178907847,0.09813101940618456,0.9918290115798515,0.9964691881051386,2014-11-26,2021-02-07,2021-02-08,2022-06-25,0.33,1
SW95,15,DURING,full_multivariate,245,1978,495,0.2695323605503399,0.23588525252525255,0.7105000000000006,0.9383569946948676,0.9383569946948676,0.8586192865137655,14.109434290904119,0.9914762695224817,-6.544130787546943,0.09813101940618456,0.9918290115798515,0.9965584939620311,2014-11-26,2021-02-07,2021-02-08,2022-06-25,0.33,1
SW95,15,DURING,forecast_safe,210,1978,495,0.23646264521232127,0.20069767676767689,0.8330500000000005,0.9525553703067771,0.9525553703067771,0.8816930995847152,11.798256964056888,0.9918281143458038,-4.806473740218604,0.09813101940618456,0.9918290115798515,0.9954054628699325,2014-11-26,2021-02-07,2021-02-08,2022-06-25,0.33,1
SW95,15,AFTER,stage_only,111,1022,255,0.13789540182013743,0.1091439215686272,0.489949999999999,0.9703901548372744,0.9703901548372744,0.9741575898566792,-2.2357649371621235,0.9871202334002105,-1.15275313887408,0.09398372825372799,0.9862455919222527,0.9944845393233634,2022-06-26,2025-04-20,2025-04-21,2025-12-31,0.33,1
SW95,15,AFTER,hydromet,241,1022,255,0.21052126405103844,0.17418372549019606,0.5933999999999982,0.9309873816314649,0.9309873816314649,0.8288256028904479,5.210006669943128,0.9871680405205243,-4.0174909729621735,0.09398372825372799,0.9862455919222527,0.9944741184632282,2022-06-26,2025-04-20,2025-04-21,2025-12-31,0.33,1
SW95,15,AFTER,full_multivariate,245,1022,255,0.22116037573244807,0.17973196078431347,0.5948499999999983,0.9238357438096412,0.9238357438096412,0.8131751596984969,5.571956399634905,0.9876007495715017,-4.53744339704315,0.09398372825372799,0.9862455919222527,0.994484909287604,2022-06-26,2025-04-20,2025-04-21,2025-12-31,0.33,1
SW95,15,AFTER,forecast_safe,210,1022,255,0.26215001634298535,0.2127535294117646,0.6654,0.8929870478009827,0.8929870478009827,0.7874377861441804,7.470871656252206,0.9848689275210302,-6.780265904146691,0.09398372825372799,0.9862455919222527,0.992809921908997,2022-06-26,2025-04-20,2025-04-21,2025-12-31,0.33,1
SW95,15,ALL,stage_only,111,3838,960,0.10616590462426002,0.07821848958333329,0.7499999999999991,0.9899832556669925,0.9899832556669925,0.9821513220171224,1.6210884007288353,0.9953774107030718,0.000614082155723783,0.10619851693879721,0.989977100783435,0.996290788848429,2011-01-08,2023-05-08,2023-05-09,2025-12-31,0.33,1
SW95,15,ALL,hydromet,241,3838,960,0.11148233600973512,0.08404151041666662,0.7961499999999995,0.9889549272585162,0.9889549272585162,0.9714162087275137,2.2180451340553824,0.9952876583785909,-0.10198381753948316,0.10619851693879721,0.989977100783435,0.9962045865194853,2011-01-08,2023-05-08,2023-05-09,2025-12-31,0.33,1
SW95,15,ALL,full_multivariate,245,3838,960,0.11236022971387229,0.08469546874999993,0.85835,0.9887802883255166,0.9887802883255166,0.9683433477557735,1.9251321314184082,0.9951320878289326,-0.11940781125888833,0.10619851693879721,0.989977100783435,0.9961792340332132,2011-01-08,2023-05-08,2023-05-09,2025-12-31,0.33,1
SW95,15,ALL,forecast_safe,210,3838,960,0.11141732275501792,0.08244182291666667,0.8890499999999995,0.9889678058323361,0.9889678058323361,0.9743980230009517,1.3642667979492695,0.9948778827722637,-0.10069890251223823,0.10619851693879721,0.989977100783435,0.9954831954351627,2011-01-08,2023-05-08,2023-05-09,2025-12-31,0.33,1
