Station_ID,Id,Stratum,Feature_Set,Mean_Residual,SD_Residual,Skew_Residual,Kurtosis_Residual,Shapiro_p,JarqueBera_p,BreuschPagan_p,Residual_ACF_lag1,Residual_ACF_lag2,Residual_ACF_lag3,Residual_ACF_lag4,Residual_ACF_lag5,Residual_ACF_lag6,Residual_ACF_lag7
SW91.9R,10,BEFORE,stage_only,0.061571226415092634,0.10183898217961156,1.1918404967594474,3.1466334697151925,1.8055637354422057e-10,1.2860662921721181e-30,4.8086946849613865e-05,0.9092019747694372,0.7780407353675513,0.6628825176116444,0.545410258563421,0.43949717282266015,0.35766030644882874,0.2947060439337941
SW91.9R,10,BEFORE,hydromet,-0.004008490566039193,0.10334549689520162,0.9505589193477643,2.164170840534907,1.33562207753969e-08,1.2121210677583182e-16,2.9392137370114428e-05,0.9342729671320179,0.8391853927261906,0.7483145680767629,0.6651059200190721,0.5878604144464457,0.5251017168518002,0.47064522549165844
SW91.9R,10,BEFORE,full_multivariate,-0.006457311320756613,0.10827433640971357,1.1646992839331067,2.547837127380931,1.0149734444437446e-09,1.3819774313645457e-23,1.2172062065785052e-05,0.9358043792376421,0.8351467758170916,0.7430434737454611,0.6585414893435015,0.5844341768102077,0.526468510336793,0.4678560439082216
SW91.9R,10,BEFORE,forecast_safe,-0.004215566037736614,0.1469329034678019,1.4607626086053074,3.1761429382339372,7.824513277883788e-12,1.8976667958033906e-36,1.9945639847775247e-07,0.9280221491476884,0.8227725588666172,0.715608493335702,0.6188329626937781,0.5358983143355227,0.4649410454764883,0.39752998806922435
SW91.9R,10,DURING,stage_only,0.029378686868686547,0.11332480537576212,1.1308693868259367,4.403350779278964,2.522729846559823e-14,1.7806108131945278e-110,0.09670215986992241,0.8027896047093697,0.5038751959823113,0.29558463211060254,0.2025776491822136,0.14768125656958872,0.09739151386353999,0.07188556387215016
SW91.9R,10,DURING,hydromet,-0.001183131313131441,0.11552111696513094,0.17628672534381237,2.8299268704514544,3.123138767423687e-11,3.766736485125719e-37,0.1061789795127286,0.8122389797277826,0.5526088381206128,0.37568903632820655,0.2946570097408179,0.2469957516434848,0.2039300972766235,0.17916815047526993
SW91.9R,10,DURING,full_multivariate,-0.0030868686868689194,0.11572338651076196,0.26900610159178745,3.073388545818176,1.1027114048239407e-11,2.508686437472073e-44,0.1549184107430318,0.8191144709743989,0.5622303892505938,0.38197858602690565,0.3019977149618746,0.2542173721725871,0.20778763484741897,0.17936385488834067
SW91.9R,10,DURING,forecast_safe,0.006759393939393443,0.13830960095463776,0.4712862572202208,3.7797412345434767,4.713948518433207e-14,1.0884631692606541e-68,0.00796372510395513,0.8243360680435482,0.5582830816642704,0.36297541177688764,0.262664060099199,0.20318320857829283,0.15161323691431913,0.12473487935458706
SW91.9R,10,AFTER,stage_only,0.025948249027237295,0.18829172327418633,-0.25599775843040984,3.9089191357721296,3.576477449364573e-11,7.259594814893697e-37,0.9544213266405566,0.8900413329188241,0.6719976179300902,0.4327029168799717,0.23424203121662152,0.08598747861885396,-0.03774733327409569,-0.13252232434994654
SW91.9R,10,AFTER,hydromet,0.530339883268482,0.43614125598329845,0.14343824766032062,-0.9180144431587309,7.394600411468252e-06,0.007063146824650379,6.922080301521889e-34,0.967861764811087,0.906230206276575,0.8354512258551925,0.7709132551440273,0.7169135219792818,0.6685223638478889,0.6286123853693941
SW91.9R,10,AFTER,full_multivariate,0.5881332684824908,0.46924419185959326,0.18490662897105,-1.0580518554780212,9.191697609421619e-07,0.0011992071616555896,7.877326893953716e-35,0.97120108328947,0.9168156684980967,0.85330628728692,0.7934051092117952,0.7410624647931197,0.693465709229887,0.6533293814752654
SW91.9R,10,AFTER,forecast_safe,0.43560252918288034,0.4008389183942071,-0.0427170076018505,-0.24180484900561128,6.968177951821397e-05,0.7031846159766142,2.650134928131025e-29,0.958275880306223,0.8746403632480417,0.7812809498501083,0.6996289344579847,0.634081434359331,0.5810563115241786,0.5412337506710941
SW91.9R,10,ALL,stage_only,-0.02690829875518694,0.10711572925292172,1.3211410918702255,5.525789233114043,1.7582981504104474e-21,0.0,0.43777993798908,0.8410287892355234,0.6207282675253498,0.4501071707357377,0.3304255666375082,0.24536579862979768,0.17546453881078655,0.11680560162623627
SW91.9R,10,ALL,hydromet,0.006531794605809187,0.20685955929582198,1.7620093205273732,2.9886312378663726,5.577306163931358e-32,5.999718487086174e-187,2.6168052071384056e-19,0.9597144970608846,0.9027346537561909,0.8507482092105597,0.8057821992266461,0.7685738436807371,0.737197187683101,0.7121719384694201
SW91.9R,10,ALL,full_multivariate,0.005550829875518575,0.20440379942265668,1.7350091948861979,2.900584604720871,1.0205179328917956e-31,3.934655248017576e-179,6.436234698950979e-20,0.9584728585699503,0.8971461668764126,0.8424500396738123,0.7972768189954105,0.759928301627597,0.7284972828901314,0.7022588553877536
SW91.9R,10,ALL,forecast_safe,0.0035289419087137274,0.19024077508571505,1.6206695991795652,2.8116360134401637,1.6487931963179668e-29,2.586652274694584e-161,1.9513374844927194e-17,0.9321818098981507,0.8361509613080038,0.7602347038276347,0.7045442454207599,0.6647120321547566,0.6307794604014982,0.6017328342343456
SW91.9L,11,BEFORE,stage_only,0.0547509433962272,0.08824284726759903,0.8753774095671062,1.4614286459576489,1.6526745221522934e-07,1.0566864793019293e-10,2.2678245986671857e-05,0.9101955172244045,0.7948210214889282,0.682862854766693,0.5780937622855685,0.45359964580922424,0.343458353223538,0.24801577525210552
SW91.9L,11,BEFORE,hydromet,-0.029728066037735576,0.08909305297110222,1.2864490031741722,2.5866071478855632,2.657041527544847e-10,2.9443096539008604e-26,2.44401255607485e-12,0.9142570383325657,0.791188181622267,0.67648261525214,0.5683836684166205,0.44344590594039696,0.31462089967220913,0.20144960409147153
SW91.9L,11,BEFORE,full_multivariate,-0.0309639150943391,0.08893198320742847,1.3903796374569364,3.0275000906676723,3.1231464964892216e-11,3.860516821454383e-33,1.2268116555104663e-13,0.921662747165498,0.8070438999593798,0.7034134301183507,0.5993622805551064,0.4765412745184382,0.3610386315143264,0.25224067908114634
SW91.9L,11,BEFORE,forecast_safe,-0.0176273584905645,0.1370578600328379,1.1314668249227093,2.5417490702402414,1.323071050226015e-10,6.101066225605293e-23,2.2667848223472096e-11,0.9196962786670994,0.8135347681116756,0.6891976606109689,0.5814739690770272,0.4803673737667383,0.3996111350956423,0.3174915982589976
SW91.9L,11,DURING,stage_only,0.01295909090909129,0.09188469493964502,1.0747037152652832,4.065256644721266,7.653220691191952e-14,1.9635174263553107e-95,0.6832782503839661,0.8067260920774356,0.5580336914202477,0.3868802994936471,0.29675469147372263,0.24231670404482314,0.1947622314287545,0.166983723163762
SW91.9L,11,DURING,hydromet,-0.018539191919191695,0.09808053572039649,0.33466522682131944,3.169715509487534,1.0066481140807474e-11,9.90826388798805e-48,0.6849621137175209,0.8574365166133634,0.6769237886356426,0.5501699537157061,0.4792277077852843,0.4313566684077771,0.3870539122886788,0.35642089621066836
SW91.9L,11,DURING,full_multivariate,-0.017418989898989753,0.09776692509587477,0.2129016280742087,2.732780218939669,5.07994224081683e-11,5.507333578172528e-35,0.6455695417804734,0.8588409450329815,0.6811765927667234,0.5534398079125261,0.4813728556414683,0.4308828912213701,0.388473219443737,0.3551732982261884
SW91.9L,11,DURING,forecast_safe,-0.004512727272726678,0.12509922782036442,0.658446170904933,4.366523277263068,1.8844527188503038e-14,6.927234039913191e-94,0.17098406186096649,0.8030947042359309,0.5361287118396805,0.3423922517885387,0.2466179171610621,0.19363305031484468,0.14064073143700284,0.10632408926132954
SW91.9L,11,AFTER,stage_only,0.0038898832684824067,0.13042955172681572,-0.0029357830622977798,2.2747520523904434,5.543790387755729e-07,9.284095775141987e-13,0.9268154060192533,0.8922018630649623,0.6869827927090026,0.4771411866096409,0.3072198733485946,0.1902919532917602,0.10144102304838291,0.021194951340561916
SW91.9L,11,AFTER,hydromet,0.3831861867704281,0.327890924237194,0.27490144410177747,-0.9627453698649848,2.7320750337148297e-07,0.0013862715481677828,5.8068371330905e-34,0.9710970531690154,0.9176490922847252,0.8592789515518582,0.8074645309296493,0.7635846642699893,0.7237927796006852,0.6862557906524821
SW91.9L,11,AFTER,full_multivariate,0.33610408560311206,0.28764053408460516,0.23891124894435478,-0.9411613593153736,1.1523898725798037e-06,0.002566859880649422,4.0645265639680935e-32,0.9629267307281134,0.8934966606475928,0.8174518000633593,0.7508867457077467,0.696717205752636,0.6496021287629278,0.6064236898174545
SW91.9L,11,AFTER,forecast_safe,0.2888040856031136,0.3124180870032311,-0.11643576623529658,0.21307233657692448,0.0019157135225862268,0.5865894445448159,7.614677598387276e-22,0.9417558355049124,0.8291647762802884,0.7084604582520514,0.6109913282177601,0.5445247965708283,0.4904294384036775,0.4481666882031192
SW91.9L,11,ALL,stage_only,-0.048208558091286734,0.07522745355469472,0.6204860085648597,3.455905356723485,5.71525193333347e-15,2.4981877097323312e-118,1.786129040740877e-06,0.8158667119423769,0.60619331965446,0.4322439822734389,0.3161000802463009,0.2357420239204535,0.17756018807007995,0.12162452857249884
SW91.9L,11,ALL,hydromet,-0.04028947095435718,0.1050334258007495,1.3455839888338443,2.938373035076693,1.7746055534118947e-23,3.3463469302739542e-139,4.068013357204069e-11,0.9015423052904143,0.7881199411431951,0.6891423118874606,0.61418584014311,0.5546651960816151,0.5093706664116808,0.47515307734502754
SW91.9L,11,ALL,full_multivariate,-0.0420180497925314,0.09832407317364082,1.2631547982688702,3.1614378300510833,1.1103339800868144e-21,1.4424420863883235e-143,7.883970113423545e-09,0.8938698936805459,0.7680772022142013,0.6602086302407335,0.5799722239893423,0.5159602830057054,0.4680621778030583,0.42757746484291
SW91.9L,11,ALL,forecast_safe,-0.03120637966804998,0.11885929536981968,1.2136415042084971,3.155445655486961,2.4556480483050723e-21,5.858036613582503e-139,0.0031714891492185303,0.843162523715098,0.6406903790407164,0.49214730180652294,0.39956388404292753,0.3311591111953173,0.28631368628120285,0.24378581567546173
SW93.4L,12,BEFORE,stage_only,0.013861792452831073,0.10705859660356291,-0.30077098527048496,-0.35676638164695396,0.024679731543893108,0.11528519998993127,0.05711696587114912,0.9024248063300685,0.768170171961308,0.6348244586935438,0.5095010541351191,0.39009652203555684,0.285380593094644,0.21137180418926158
SW93.4L,12,BEFORE,hydromet,-0.025211320754716358,0.11289074338635151,-0.4723974776665793,-0.34956420430027046,0.00039840824522009737,0.011308761544623824,0.027894346362291253,0.9068829675392491,0.7806710523186651,0.6509008142062089,0.5313200486907481,0.4211594303422849,0.32999649469441905,0.26785466633441307
SW93.4L,12,BEFORE,full_multivariate,-0.03154504716981036,0.11388502490298717,-0.4802598701914381,-0.41692218664083347,0.00019077813731532454,0.007887060744417017,0.027348893505113676,0.906203022665029,0.7788957390610112,0.6476945328011523,0.5296620171113126,0.42202810050049433,0.3303135704396891,0.26516606575346563
SW93.4L,12,BEFORE,forecast_safe,-0.01958632075471679,0.12983098656582273,0.14754464400445702,0.3625001164678969,0.16414548861123512,0.38099421082557516,0.00012216661774035656,0.8883840783353314,0.7409565061255177,0.6053038942075398,0.48042761303060566,0.362315128848118,0.26255382795986826,0.198256561414993
SW93.4L,12,DURING,stage_only,0.03643010101010052,0.1094600096729447,0.5812966226307524,2.6953614059171223,1.0902871560421399e-07,2.5655444098431785e-39,0.6281903820099901,0.8324579944494482,0.6097891906120682,0.4374752492551141,0.33764669486945714,0.27054288401861637,0.22614659787346778,0.1883164770253766
SW93.4L,12,DURING,hydromet,0.03274454545454466,0.11019036173999142,0.5609511250560351,2.7274813401109617,8.739169386719579e-08,1.1102208476006898e-39,0.9298807867766945,0.8436132735452787,0.6285254128514065,0.4576027168968628,0.3560679357810122,0.2853087929616037,0.23778861282996808,0.19739764318931907
SW93.4L,12,DURING,full_multivariate,0.03362424242424186,0.11014934694206316,0.5384512861268098,2.7751350879918233,2.0624648092676976e-08,2.061374115141495e-40,0.9939587728129471,0.8475576665361435,0.6381788226093393,0.464756289971324,0.3588542943065514,0.28766392740527386,0.23918607525411284,0.1948570781121861
SW93.4L,12,DURING,forecast_safe,0.03420666666666601,0.11065399452368911,0.970949767591076,3.7177826960347824,3.418231894636571e-11,1.6122438931459923e-79,0.11540078195511674,0.7979308882644183,0.4979356001994693,0.27612551638510235,0.15587008840892322,0.10297409557636356,0.06903320729870531,0.026256283610818852
SW93.4L,12,AFTER,stage_only,0.027479766536964833,0.14501772722705797,-1.1268398160845723,4.815790772537636,3.7280078616064315e-10,1.828394015540485e-66,0.47709204786071946,0.880221076931098,0.6922825064308087,0.5064470423338927,0.3455673339348122,0.21776671770708836,0.12226842940938465,0.0518923270658337
SW93.4L,12,AFTER,hydromet,0.27085389105058355,0.24736492878460506,-0.1642396433585315,-0.15726497979662524,0.0027292813031761275,0.49158125743214975,2.654203307457545e-32,0.9583040755426478,0.890972266268561,0.8233428309703381,0.7639973586685672,0.7198899328000975,0.6861997723920943,0.6597769557553582
SW93.4L,12,AFTER,full_multivariate,0.2079126459143965,0.20871907566040543,-0.27011756936629777,0.3438770177277526,0.012221805210697326,0.11127254712280532,1.4901082591257832e-24,0.9402036187822226,0.8489825939554662,0.758242980937868,0.6823256840375309,0.6208044337724233,0.5753484062528359,0.54019094420168
SW93.4L,12,AFTER,forecast_safe,0.2913826848249025,0.29457195024125266,-0.0959976462146122,-0.0180066447988132,0.00011390641286455915,0.8194660147479693,1.0765354443417048e-31,0.9569156620074135,0.8845478360098266,0.8159549232542974,0.7542263444864428,0.7066277256609871,0.6733688721729288,0.6523640165509483
SW93.4L,12,ALL,stage_only,-0.033228319502074985,0.08594196215265021,1.0146948175544535,8.605615790171784,5.2341790104915015e-18,0.0,0.2391826740225068,0.6576298724724141,0.33116877164053865,0.13744923180758614,0.02788375823506936,-0.025647464038774874,-0.06816412936103314,-0.08740807758553933
SW93.4L,12,ALL,hydromet,-0.030655549792531413,0.092866111250017,0.9598595026677055,6.567210755197081,8.952002031997103e-17,0.0,0.11921173405772112,0.7150544327493829,0.423278153961514,0.24610263587166992,0.12906838201738477,0.061042700987286896,0.022791256426619538,-0.0003247371871458612
SW93.4L,12,ALL,full_multivariate,-0.03149066390041519,0.09430256042865925,1.0438677554003086,6.707394106147937,3.003818428868171e-17,0.0,0.12898484039938468,0.7256146796292666,0.4444149605275193,0.267206676089132,0.15110992173502305,0.08496015440940727,0.044285648479713675,0.015128482114832021
SW93.4L,12,ALL,forecast_safe,-0.03561877593361035,0.1010489647467094,0.9629900182492581,6.5009788052913695,1.1122762995857286e-17,0.0,0.252352450530755,0.6978466446432025,0.37344618009326697,0.18538188280288978,0.07524767295684523,0.009144920128025882,-0.025328826452848435,-0.04961311514865897
SW93.5L,13,BEFORE,stage_only,-0.007844285714285531,0.061364202512260685,0.23481074568147722,0.2768379930493423,0.5319057337308515,0.2724831952707038,1.5222946598166653e-05,0.8339375484505397,0.6557228799196073,0.4736895825846142,0.29851037745811326,0.17069848724371592,0.06583635481652328,-0.006625118286178443
SW93.5L,13,BEFORE,hydromet,-0.031962380952381096,0.06792427858356781,0.08520211624099734,0.5566290227043202,0.12254480404056511,0.22705308431771296,0.00018205761661461327,0.8588554994176232,0.6969549672502806,0.5270758988793377,0.37111954812430703,0.25601358598030416,0.15787858835833468,0.09567216408474301
SW93.5L,13,BEFORE,full_multivariate,-0.038820714285714514,0.07277330657737752,0.04737660076585336,0.4291385065085054,0.030436187290513263,0.4295664357175749,1.8722213782759065e-05,0.8710782795748057,0.7072839124912405,0.5414423376370066,0.3953956568395542,0.2781625400215001,0.17857632513581803,0.10473019544319018
SW93.5L,13,BEFORE,forecast_safe,-0.0385457142857146,0.10315548934276192,0.01595044044122345,0.14954729800624067,0.3091907973230592,0.9027618296711956,3.120394557968333e-05,0.8337917109863219,0.6514472787568162,0.506661578387251,0.38938682865042307,0.25286924699301244,0.14289872657145644,0.08121038716295376
SW93.5L,13,DURING,stage_only,0.0031219191919193453,0.046332149816656794,1.3353965208547223,6.516075004796679,8.595361754530709e-15,7.80817331675555e-223,0.03930529666083993,0.760007555320568,0.4862217590016358,0.2751617893651657,0.1783415298412071,0.14509534262102547,0.1249926266930666,0.08961477855768951
SW93.5L,13,DURING,hydromet,0.0012013131313134105,0.04809996415711656,1.2189650128737393,6.811134630886372,5.8271412034668915e-15,4.06418648106376e-235,0.004877166275601663,0.7843103093865046,0.5269729048684485,0.3268200963673833,0.2225356910175801,0.18610409231848657,0.16888823517921742,0.13144170379527415
SW93.5L,13,DURING,full_multivariate,0.0008470707070709462,0.047415557655674824,1.3037150390875827,8.240216865067817,9.020589838476236e-16,0.0,0.0071792126395402375,0.7732044025430038,0.5148668384919144,0.3176332465744867,0.22581534259812872,0.18785860902812662,0.1719663146224744,0.13639365680487292
SW93.5L,13,DURING,forecast_safe,0.018170707070707302,0.0912220815285745,0.8914467920342479,3.8145769197430566,3.617965851790625e-11,3.932235276349034e-80,0.6971864990907342,0.7202971708765681,0.3865074025759957,0.16336236230535797,0.04722471718491048,0.016788792396612944,-0.0007852951279013363,-0.04758442913427651
SW93.5L,13,AFTER,stage_only,-0.0006136186770423478,0.07040465092876211,-0.7045607265344859,5.3363050432538035,1.672494980249809e-11,1.4712648099035838e-71,0.15959084693059586,0.821842221672892,0.613536042371109,0.41366902005933404,0.2525010734981064,0.14191569275851762,0.07094203825229548,0.006388207750598773
SW93.5L,13,AFTER,hydromet,0.10935291828793825,0.11370501068264688,-0.22070579094544984,0.8260485847697989,0.0010860698716503503,0.00912554729143402,1.1106374760261675e-24,0.9269385017640905,0.8393010928169986,0.7595380461640416,0.6937162808989854,0.6510786579202679,0.6235632821664046,0.5969626909992946
SW93.5L,13,AFTER,full_multivariate,0.11684319066147947,0.12097342894244313,-0.3537079630553522,0.8422005443491876,0.00032061020292877934,0.0015381967445370957,7.838504288446542e-26,0.929612017403066,0.8438810924258243,0.7639205337143649,0.6999592757204346,0.6551866400950289,0.6275116746144608,0.6026342962957895
SW93.5L,13,AFTER,forecast_safe,0.18089046692607064,0.20801484494937417,-0.3957877246744743,1.088663556466539,4.4376484428341985e-06,6.124843558520074e-05,3.0909738842293006e-24,0.923485593594485,0.8097024170220659,0.7128238781318658,0.6323014180930054,0.5716214140366616,0.5380946385285148,0.5304756775887104
SW93.5L,13,ALL,stage_only,0.0025956711758586453,0.043770830159552014,0.35843514854932335,4.5790719188687365,3.032574562583468e-17,1.6484271877396622e-187,0.005841044270126085,0.7034748305434669,0.44340499651756177,0.3104563858556486,0.21734736924414674,0.18257388772587055,0.16390540533749812,0.14339305319894916
SW93.5L,13,ALL,hydromet,0.004644807492195863,0.04588166313201583,0.5480743169581279,5.924872393963691,1.2942099360028393e-18,0.0,0.020400410902922442,0.7248354968952203,0.4720244720111972,0.32788205494246936,0.23044453596311362,0.1938469379435338,0.18664512457747595,0.17376737833803568
SW93.5L,13,ALL,full_multivariate,0.004026493236212563,0.04555352567632914,0.580590337332608,6.149301976316785,3.087256933185134e-18,0.0,0.018328236059573472,0.7211073478572146,0.4790907378611186,0.34891201603693356,0.25908296354413074,0.21345818128119676,0.19313409791161398,0.1787325029925979
SW93.5L,13,ALL,forecast_safe,-0.010563038501560575,0.08723577481086334,1.1677641153259268,8.011121054746894,4.2429662540623134e-19,0.0,0.846875653119568,0.6178850695563328,0.27577515666854996,0.09722243122254162,0.008205790448041268,-0.021576425803291447,-0.03238572796196261,-0.04117440274775275
SW95,15,BEFORE,stage_only,0.05151119047619055,0.10846141589436491,0.15858065708993557,1.6511944736561972,0.00033370788542811465,4.251341874981085e-06,0.0003305175349132971,0.7666629208211143,0.5390841098730451,0.39613192316754836,0.2246878755903763,0.0900933667254893,0.0362525883717013,0.013372446935475362
SW95,15,BEFORE,hydromet,0.026234523809524016,0.11009680771009628,0.019441776277854123,0.971974759336601,0.014181205794811969,0.01592555818014306,0.0009215694387346213,0.7850873768069009,0.5716933448670121,0.4402440903823862,0.2955995876832931,0.1756899958852704,0.11079006773958265,0.10056465866750659
SW95,15,BEFORE,full_multivariate,0.02786000000000026,0.10952112485485906,-0.010878876675688941,0.917579641514795,0.02422242346658953,0.02508179818563496,0.0016473041393869653,0.777641327004996,0.5641500829607161,0.4368778223944178,0.2832211333380132,0.16942749388297432,0.10640081426565946,0.0875258044827256
SW95,15,BEFORE,forecast_safe,0.027741904761905033,0.11666934662254082,-0.061357083103515654,0.6660527765783195,0.02492419585830015,0.13442522647516297,0.00034919530080186243,0.7897716734034301,0.5796742543529622,0.4546938309906109,0.30061514977394915,0.17574472105963534,0.10359318780875502,0.08449757915348255
SW95,15,DURING,stage_only,0.2316323232323235,0.13858022094550224,-0.20021574749020768,0.12124117938957335,0.3107283788347205,0.16444985972903017,0.00011704872257889541,0.86287526128033,0.7131580260274765,0.5942596239878026,0.5230398479445231,0.47738536036384727,0.4453798748718629,0.42217534821516006
SW95,15,DURING,hydromet,0.21633535353535369,0.13294510583931163,-0.11961687953139716,0.09353905995907308,0.5002422582121449,0.506392633206963,0.011884801023211794,0.843707834483534,0.673270039992257,0.5349767058061,0.4623507102936245,0.417673986377019,0.38433582211422457,0.35568632159028685
SW95,15,DURING,full_multivariate,0.22910585858585863,0.14212320365167255,-0.12962899964375144,0.018325392763805848,0.36621349029555494,0.49826917156005623,5.315283467222392e-05,0.8720025938805073,0.7251401914582555,0.6044526216590184,0.5329520521435483,0.48924308762594054,0.4556288534193305,0.42607640007654224
SW95,15,DURING,forecast_safe,0.19157747474747483,0.13874993968225294,0.16191234155655518,1.2617198344194138,0.00021562159903835873,2.515413698533792e-08,0.010825754260160123,0.8080047681119407,0.5799818290959052,0.3886588802431528,0.27622862789815983,0.21840145392620797,0.17550995561172905,0.14096423916046352
SW95,15,AFTER,stage_only,-0.04995137254901979,0.12878292434340544,0.6591313787399533,1.7919101027070798,5.633625776809556e-05,3.821876416834595e-12,0.15876459030137152,0.8159706614989959,0.6111381303354884,0.431039330423371,0.28089821205198934,0.16634139448954066,0.0497687034634267,-0.03149749654551036
SW95,15,AFTER,hydromet,0.1164017647058823,0.1757582796372529,0.025542254962181106,-0.6884526372367983,0.008695774426771647,0.07951468869851153,1.113389943019433e-16,0.8988882535804555,0.7834306131740475,0.686425741799631,0.6090488923378297,0.5580626211414575,0.50255258152621,0.4643901934466868
SW95,15,AFTER,full_multivariate,0.1244884313725489,0.1831559323758279,0.08945751343352444,-0.7348342286544609,0.005069230677851199,0.04789677376091414,2.22065548917243e-19,0.9046153997760091,0.803507853865772,0.7103136532126033,0.6385307207275587,0.5930713829024615,0.5408396196105505,0.5050354258983698
SW95,15,AFTER,forecast_safe,0.1669139215686277,0.20254196933679797,0.05372874559423213,-0.8874857487586527,0.0004862442082978705,0.01432665516655295,6.344351233760931e-22,0.9145401270129804,0.8178402765387425,0.733284484394397,0.6585846809743029,0.6095220430044519,0.561628756656002,0.5176049167919483
SW95,15,ALL,stage_only,0.029841197916666493,0.10193883812651752,0.2847878844435483,5.259241490095622,1.8728820905387236e-17,8.584948861594345e-244,0.9742424505229226,0.5797151287164,0.2461365281574304,0.047771652691192885,-0.07787433855749816,-0.14719927060437768,-0.2036700759966235,-0.20847935019003022
SW95,15,ALL,hydromet,0.04083005208333324,0.10379036265511694,0.2721379998894274,5.056184763142422,3.1726736556268626e-16,2.3556847847395944e-225,0.09307450283415615,0.5889652839136241,0.2624302015295408,0.07962830104416097,-0.04356446871080881,-0.11880297565681237,-0.18380501566475205,-0.2065952716877944
SW95,15,ALL,full_multivariate,0.03543807291666649,0.10668092251821662,0.3585200638977431,5.355114989361338,3.704902462804783e-16,2.797012092124855e-254,0.03696167162736484,0.6077119057960971,0.3024450651537348,0.14049519917329545,0.029060118285032285,-0.045870704730260475,-0.10642128531274851,-0.1214295837774843
SW95,15,ALL,forecast_safe,0.0251135937499999,0.10860669458441413,0.31896147348049314,6.67364178855294,2.6660531028953343e-18,0.0,0.18366482513460625,0.5721476426943101,0.22765178923899526,0.041687905887482106,-0.0686795660911919,-0.119858468610002,-0.17389638025843962,-0.19109806929566311
